source_id,ra,dec
598480504169934336,132.6523458717782,10.36586673721214
598546371788334080,132.0275909809895,10.570960069647622
598591692283221248,132.8870003538388,10.791274919218639
598592997953383424,133.23042263774548,10.57805331800318
598605053926119168,133.36134154451446,10.760270639187183
598606707488971648,133.34703015710028,10.83061660943306
598609181389521792,133.42560754941465,10.928061803632056
598616706172696320,133.13731868163853,10.889396535722602
598619935988243840,133.28468615762785,10.921559005921258
598621443521529216,133.29725323669726,10.934747273459607
598623990437231872,133.08381157393353,10.96716848811617
598624402754072576,133.17009009751317,11.004249686984675
598631201686850176,132.6364617663385,10.712031415169061
598640616255440896,132.63319411472114,10.79705339465689
598644224028050432,132.6929237431355,10.914530454177921
598646354331509760,132.37241846550955,10.7755687185491
598648141038150528,132.37013485016178,10.808849571215095
598655567036876928,132.61768882464446,10.904944682015607
598658242801192192,132.49816667241157,10.931765059112609
598663568560943232,132.82213865012622,10.891432894846236
598666115476482688,133.01209579315693,10.99249480884019
598668039621875712,132.76646483953704,10.97770202497137
598670852825375488,132.89890259688528,11.100613103467122
598671230782456192,133.03054535586293,10.99307872875263
598673365381245312,133.13939343431744,11.061185626704791
598674220084691200,133.11291282581738,11.089992609677616
598674391878434560,133.11426232404605,11.114141703949562
598676629556416512,132.9646339531621,11.121193964400616
598677316751180800,132.9565106652684,11.156592980642284
598677690413331328,133.0707980979425,11.150638056853184
598678141384872704,133.10396831029303,11.17417051281361
598678656780963584,133.01333250382936,11.168467246285287
598679618853623936,133.05495582911794,11.245333566238312
598683157906737408,132.7907691187668,11.110711540914464
598686658305046400,132.68926185066442,11.154578280782495
598686662600062720,132.69752506397774,11.16017213141397
598687865190906496,132.6610990968576,11.203565626522787
598687968270108160,132.73497554552566,11.204404895896761
598688002629853440,132.70225956403783,11.201296063802666
598688243148019456,132.7028633821945,11.219431651949769
598688449306444160,132.7159805862296,11.256719759143763
598688788609009664,132.88270224469755,11.152520502166773
598689411379091328,132.9120639145051,11.19414674939474
598689480098560128,132.94134028816524,11.200690521792632
598689754976482816,132.87833649705988,11.182703638899413
598689926775182208,132.81992630972715,11.189983656494718
598690025559424640,132.85544170133113,11.211727748033303
598690029854388864,132.865283493805,11.207175878443383
598690231718041728,132.89462494483215,11.220808006487095
598691610402318208,133.00836574202617,11.272850027981939
598691885280238464,132.9406931223244,11.255980965313617
598692675554477056,132.95147548051688,11.302158391719459
598693225310071040,132.76425972016153,11.225638075879784
598693976929340800,132.75904124470907,11.228045132679295
598694835922812800,132.79357301137776,11.303931022700292
598694939001774976,132.80129811118806,11.310754193936814
598695007721506432,132.79455651589632,11.317110909195504
598695424333303168,132.85795126515575,11.293730093363223
598695763635752448,132.95089725006073,11.332748108722118
598696077168308992,132.9465271987239,11.353876287338228
598696107233137920,132.91781943324006,11.356187999623915
598696626924138752,132.84855233890966,11.358956198935797
598697103669936512,132.86567826363628,11.387268705143631
598697142320464384,132.8908331098342,11.380828708219632
598762700700957184,131.9308231343849,10.970566343258882
598845537735104512,132.20991853150792,11.036011250360282
598845885627793152,132.1759376083913,11.043007204401263
598847187002539008,132.3386956995436,11.006468329001152
598848320873918720,132.31730678285476,11.051975398529967
598849420385553792,132.45243814434545,11.07510954350188
598860213638709632,131.94187900651585,11.070271057235447
598860316717926400,131.90609368350368,11.07008129191954
598863439158839808,131.991837342679,11.171971703954224
598864641749677824,132.20649428810847,11.161531282147003
598874885246932480,132.5534185972795,11.205461261499053
598875057045622400,132.54955108933348,11.226543584234053
598879764329783168,132.44894530005524,11.324576499762443
598879798689514112,132.54825348168274,11.271109949052523
598880314085586432,132.54806364196762,11.32790108349041
598880348445322752,132.58288946659454,11.306911574388131
598881340582600576,132.4968848501693,11.357953380856
598882135151700352,132.73018380331868,11.29310277845547
598882337014990464,132.68863920064578,11.29769267367425
598882371374732544,132.68490576482347,11.308459633345601
598883131584117760,132.68257473440184,11.312639202870638
598883337742544128,132.69272093080835,11.33983243026117
598883642685066368,132.71458297385024,11.344366613383613
598884295519951616,132.80750796889785,11.363854978178457
598884952650222336,132.84974869133723,11.41369687300574
598884982714899072,132.86847379490047,11.425690655490415
598885017074625536,132.8157186809881,11.403912535976708
598885085794212096,132.8158142854347,11.411174404211199
598885090090313216,132.81881130702303,11.412776236640019
598885738628962432,132.77495621844088,11.429279374425027
598885880363159296,132.82178421983372,11.431875194556595
598885944787392000,132.79650541694713,11.443016079770695
598885979147130496,132.82514916621446,11.441373906810169
598886052161851264,132.81306021024957,11.445161160460767
598886082226539136,132.81870312997395,11.459709259139215
598886185305751168,132.77209159011812,11.451714700309216
598886288384971008,132.812115399177,11.466127847808666
598886979874807680,132.67619876539095,11.399508941479395
598887254752714240,132.66989792431133,11.415289739521084
598887460911141632,132.67538029454772,11.439838526267742
598887632709845248,132.60964816116385,11.404347761582674
598887770148211584,132.56912501420234,11.403457857265707
598888109451094912,132.6124771749142,11.440485444016213
598888697861717376,132.7142022770794,11.448361820027849
598888727926385408,132.7406497900807,11.439758036393224
598889213257785984,132.7420983238022,11.473527977797364
598889419416217600,132.73417936827315,11.475443299766376
598889694294135040,132.66945282674965,11.455468412032262
598890106610992256,132.66570736748642,11.505086224441865
598890106610992896,132.6626495773259,11.501978910429749
598890347129151104,132.72102287875396,11.522250361479744
598890381488889088,132.73001873364126,11.520703928297701
598893954901717248,132.50156902596976,11.427935504638432
598894500362425984,132.4085662758723,11.425346757215454
598894569081905920,132.38605416708498,11.434439248867754
598898073775010816,132.43408966243018,11.485939979496885
598898108136867200,132.44110823802902,11.4907925462303
598898284229869696,132.37257968861493,11.495782271037566
598899001488184704,132.31732954150115,11.523819371567072
598899796057231616,132.5519863939144,11.4545648929687
598899933497305728,132.50377001312626,11.446702919208338
598899997920577664,132.53251617522432,11.459401987668286
598900105294874496,132.54846187588635,11.481838380866838
598900478956925056,132.54183310474227,11.493151612121983
598900551971467648,132.58565502875317,11.496748996213013
598900753834826880,132.4900187827233,11.476535346698128
598900788194342528,132.49664458015798,11.478195951185253
598901269230913024,132.5491384576883,11.508598427939432
598901754562312448,132.53753084145885,11.557221413657333
598901784626987008,132.62393591663326,11.503483722001427
598901788922041728,132.6326638460881,11.502093527381815
598901857640922752,132.61738371203356,11.514689830166486
598901990787565184,132.63295233095786,11.530669644251681
598901995079871744,132.64318663352046,11.530614135744045
598901995080469888,132.6341480927761,11.53016034004737
598902373037582720,132.68137361812828,11.552218094527952
598902437462030336,132.674734645334,11.55728827211277
598902476116795776,132.6943372722305,11.55459837215068
598902682275232640,132.64075227191051,11.572577923148446
598902716634970240,132.6449472508009,11.57454846716471
598902888433673984,132.57931551440046,11.53826966989022
598903055937325312,132.61445316787172,11.572446550596611
598903090297061760,132.59226857454172,11.564938264180327
598903128951834496,132.6139672771866,11.578628451625594
598903674412626432,132.65078360671112,11.616039980009868
598903678707639296,132.65041197335998,11.618320192932396
598903919225812736,132.6138615567694,11.625588762238458
598903953585548672,132.62085201174244,11.6359111528149
598903987945320832,132.45524178495324,11.49716691735998
598904842643466240,132.48749004029187,11.565073468356323
598905151881359104,132.39493487366812,11.550942994455978
598905568493286528,132.3890793777888,11.588365728971256
598905667277444352,132.4628183210169,11.580202444558854
598905667277445376,132.45329238283577,11.58603075946825
598906251392995968,132.526190782724,11.578653390200241
598906290047773440,132.53872086747586,11.594979165723164
598906461846468992,132.5102639582147,11.598715650810169
598906633645151744,132.55535511806943,11.622518910663869
598906835508558336,132.58219282846144,11.630617235579972
598906908523048576,132.61232826377625,11.647773092616559
598906942882791424,132.59252422883623,11.636553186889236
598907179105947520,132.59776569178266,11.660903415057962
598907522703329280,132.51786717469287,11.649723028597998
598907836235995008,132.539936113674,11.644975585603671
598908042394421248,132.5465754352516,11.681885040250316
598908248552758400,132.54135303234708,11.690366764937828
598908278617636608,132.5491102154078,11.709251858382265
598917079005576448,131.85293553096815,11.397491733177855
598919999583436672,132.13219062314687,11.399179367510223
598921133455835520,132.10521363214306,11.439874931789022
598925325342774656,131.97561504372214,11.515867501100718
598935392746122752,131.87233166431665,11.478722145598606
598944803018900992,132.16917058556453,11.486431532276596
598947517438273792,132.2770955999771,11.602300669116488
598947551798518656,132.29817965692777,11.602820093282494
598947556093468928,132.2985956393769,11.603744778475713
598950545390717696,132.1648366783799,11.614872977705971
598951438743912192,132.18468693471257,11.6428383572492
598951473103653248,132.14858128579527,11.644431748692753
598952327801848064,132.1918902319287,11.71276846819394
598953088011334400,132.43918498060276,11.646762421718114
598953770910670336,132.30122373909185,11.642934489791745
598954080148819072,132.35069684680138,11.6569944359071
598954118803488384,132.37018062980724,11.668927565088607
598954183228036992,132.39236621791525,11.67633537888387
598955042221499648,132.43705278399432,11.698930709600173
598955115237068032,132.48669417880745,11.692484141091276
598955149595631872,132.50346443346646,11.702718360840947
598955214020358656,132.50271199283375,11.707561815802261
598955385818884096,132.46791069444967,11.709643876875083
598955660696788736,132.415267128389,11.689317731126017
598955729416267264,132.40441332065137,11.700762777462838
598955729416446208,132.39045088274946,11.698633744029959
598955802430663680,132.4286582814481,11.719098809658549
598956313531822080,132.4537859195311,11.755383224727431
598956420905951360,132.46916234994967,11.759781486473296
598956450970778624,132.47504437602623,11.763968384319437
598956485330513536,132.42988927990294,11.752349683371582
598956523984534272,132.4415426399471,11.762266927474734
598956833222201216,132.26254998338857,11.670528474000125
598957176820208768,132.27052470207505,11.696410365891763
598957279899423232,132.26838162961056,11.708124837861629
598957756640350080,132.32537419525113,11.738705363058676
598957790999876736,132.31311687357154,11.737432095148256
598958241972102656,132.20265674676307,11.732884318105906
598958512554598400,132.27308025243522,11.755071841528968
598958581274116608,132.30225110053738,11.758683977036084
598959032246073216,132.35375633346118,11.734898775706464
598959234109103104,132.3387657923125,11.749905825519372
598959371548059904,132.35514012716703,11.765474687014445
598959513281774208,132.41328029945817,11.763789105587033
598959822520052480,132.39479566185955,11.788073722124942
598959921303885952,132.41464130101784,11.806690014085541
598960436699728256,132.2901455825278,11.8074045876034
598960642858424576,132.3655387220416,11.815900713452754
598960956391419648,132.34038858473028,11.834584081132462
598962055903080448,132.01766675642588,11.645406339820042
598962292125778560,131.97308177140445,11.624353408978347
598963224134183680,132.0084317824558,11.690087613328208
598967446086575872,131.94510800907747,11.763300903201888
598968648677428352,132.01867667532636,11.800131843283548
598968957915068928,131.9650059584992,11.783337784637473
598970366666045952,132.18732259442442,11.763847518312145
598970645837645440,132.25486447268398,11.788175675005018
598970847700683648,132.19730137495662,11.798996737623847
598970886355816320,132.21341716153984,11.808232156499807
598971706694150144,132.1794229564406,11.824371047526528
598974799070364928,132.11110013240977,11.86200472499462
598975005228795008,132.13799612936353,11.863266823393916
598975039588778240,132.15571969606154,11.86290189953325
598975177027731584,132.11870860766422,11.862182431534647
598977341691260160,132.25685241175213,11.963155203911128
598977513489950592,132.23132983275866,11.949066640983316
598977547849690496,132.2479431552203,11.967135045829604
601861880382561792,131.14331291681282,11.609882061166344
601942385249536256,131.4472398627753,11.657233852758514
601943239947225472,131.67185811033968,11.606319312431658
601944721711734912,131.6708662630402,11.657055697420347
601944889216794880,131.6720384223939,11.679644649531577
601948496987262592,131.61966984373922,11.743203481853318
601972342645746432,131.99840111755722,11.86980804128861
601973751395060608,131.91515046872536,11.93647882310833
601978664837644672,132.0220220856355,11.932671694508517
601980490200259584,132.0926987385749,11.972608687074892
601981619775203200,132.0466260178438,12.014855475354246
601985025684817408,132.02004020268828,12.058342385423543
601985815959685120,132.06833055911065,12.116486741740426
601990935559787136,131.7360266181353,12.045424741497387
601991343580918528,131.7315527077411,12.085932536968288
601993027208368640,131.51958527770566,12.054356580626134
602049342819274240,131.7138429056704,12.2490034262222
604612549237529600,133.69201553103994,11.018895035216703
604621478474630016,133.689589973702,11.057607382369362
604629248070309248,133.45876229017983,11.097317874138085
604641063525398016,133.49181057019578,11.310973099055444
604642300475282816,133.64442511170444,11.369696586913623
604642717087722112,133.52212758676393,11.350849406971415
604643159468688384,133.569412029335,11.363041089648933
604643198124051456,133.57881034167602,11.372932496633998
604647802329113600,134.02894979305182,11.325576745190775
604659278481551872,134.13720396061268,11.471482651749868
604662297843008512,133.76364702546303,11.343456614274803
604664909183072000,133.86440236274726,11.434907055646143
604667245645354752,133.71696930956,11.456240121414284
604680134842856704,133.2033879571266,11.198337484463524
604680989541356672,133.36937370512393,11.225587702738395
604681264419266304,133.34444738687392,11.237996825320142
604681264419267456,133.33544943403248,11.24216124241362
604682192132205824,133.27042623460437,11.250355481643613
604682501369762048,133.34051923140788,11.28739417204468
604682643103730432,133.3641470457396,11.302061296714419
604684326730942592,133.12692088532611,11.258976562554766
604684532889373952,133.10942452354703,11.276102502624532
604685048285445248,133.1278178936602,11.306190463161617
604686457034703104,133.22120722366358,11.327700002205626
604687006790507904,133.27230123570334,11.365927187325699
604687006790508672,133.26522714523873,11.372445596269898
604687006790509568,133.2667284498084,11.362529814180135
604687384747632000,133.24037936559128,11.40309920974464
604688514324086016,133.37605779957306,11.316008945275302
604689308892956416,133.44463634843422,11.391858039446946
604691812858980608,133.34035205192674,11.349015964468922
604692293895329536,133.31744221859273,11.393440735018757
604692813586273280,133.38675571431972,11.435892807369603
604693122823931648,133.30062282286664,11.416171977604787
604693702644621312,133.34851481434762,11.467201555945804
604694359776064128,133.37777871123234,11.455571999290127
604694561637360640,133.4642572545085,11.469580204328711
604694806451207168,133.47608476859014,11.503396528006164
604695012608940672,133.46962655070274,11.50658603819035
604695454991282176,133.33969313568497,11.487712194532655
604695734164025216,133.4134215236075,11.51018260721571
604696043401669888,133.4014566330907,11.535636209369729
604696795021032320,133.1159835265869,11.316306967188114
604697280352300416,133.11126411732636,11.37498140376456
604697516575690368,133.04016630669443,11.339588375157035
604698306849407232,133.07879100148645,11.39710505911026
604698345504195456,133.05663544652268,11.393363626734008
604698860900256256,133.1607183748834,11.397764850462707
604699445015802624,133.18597873758358,11.43037089031248
604700059201037952,133.15338938988546,11.417252339012265
604701025563850368,132.97569715193106,11.391629582769063
604701128643010816,132.98140766692794,11.402848515506244
604701163002747136,133.02076396933913,11.383099281237333
604701747118303104,132.94362958391346,11.388466965409691
604701953276603520,132.95206704232163,11.427106639464892
604702434312939648,133.0142175458908,11.460068954340008
604702636176594816,132.95223055140244,11.460331130820444
604703052788343296,133.08341951956004,11.460060090955055
604703465105196416,133.1172007518235,11.484407098649921
604703499464932736,133.12810028981824,11.484900657708572
604703941846497280,133.0376870330997,11.467104244354237
604704560321786368,133.06136403339744,11.518703625496727
604704633336193152,133.0958555514369,11.531271266565351
604704697760911616,133.08549104833875,11.534091000204374
604704770775147520,133.04566489986095,11.530330529683916
604705011293412992,133.2354116301615,11.422863547790428
604705969071060224,133.2882832365893,11.496652416216444
604706862424426496,133.25536037226712,11.522135696792441
604707760072455808,133.37904141529592,11.54071333859559
604707858856127104,133.37117336652705,11.550791803560033
604708069309531264,133.36168086526513,11.563020857645004
604708202453409408,133.38356927708213,11.579647225142951
604708825224352640,133.28861069266978,11.598781582963008
604708992727391488,133.35687207555054,11.599128171222528
604709267605418240,133.3300231755804,11.618627791940346
604709546778878208,133.1714328582889,11.522356790616904
604709679922972288,133.12860020701825,11.522402714904068
604711299125433472,133.18111911745754,11.610505580026693
604711500989123584,133.1614001755476,11.62755525222722
604711505283863808,133.16345341370965,11.628877073776273
604711539643602816,133.1497921246917,11.623532507119325
604712089399413632,133.2369274202692,11.620732696298306
604712188183890304,133.30193520635382,11.621063437548958
604712531781276928,133.26925829793066,11.654981745765992
604712600500056320,133.294786276516,11.66318582245625
604712776594182656,133.18199934003752,11.621586093402572
604713017112350592,133.1859680792709,11.64480425568899
604713463788946432,133.25088055400582,11.68123343558752
604713463788946560,133.2484562564359,11.678151350650824
604713532508424448,133.2241652879276,11.67118768754245
604719133145837824,133.5309442759266,11.572770071500562
604721293514179712,133.60542087289588,11.641545826237609
604727203388866688,133.68909620646005,11.675810848178713
604730781097113216,133.7180571203941,11.82076582199418
604731914970090880,133.42317705955028,11.63361775155867
604732224206160640,133.44768735768793,11.634091007418801
604732739602238976,133.398595098513,11.654764257742219
604734698107318656,133.45252715296954,11.692396098614982
604734796891053952,133.4576298150784,11.706732744961206
604735007344961792,133.45922238965457,11.718845755231884
604735037409227776,133.42708523646118,11.722874261949777
604736072496791168,133.30117686060072,11.674563056956952
604736136920843648,133.29396080729896,11.685042440574565
604736308719544960,133.32578254956425,11.715292213044107
604736381734433664,133.39461562411506,11.699582602663176
604736690972080512,133.33380348188214,11.720944562409871
604737854908112896,133.33404267646185,11.765894990255775
604738645181819008,133.45704868596337,11.791333073909763
604739057498645632,133.46464876598023,11.82085406320905
604739852068005888,133.43684308620132,11.835438334092169
604739852068006016,133.4316017195945,11.83956613458088
604740779780986240,133.64812907169568,11.778387461239893
604740809845289216,133.62461067664935,11.777329213036705
604740882860200704,133.65496297230152,11.787146943342142
604742081155661824,133.6194404091493,11.844492316560528
604742321675984512,133.58389819088805,11.860865967372414
604743562919743872,133.62377305419295,11.85690177254353
604744623776259712,133.5258904296094,11.816301560560962
604745280906663936,133.56277764276933,11.863830270267409
604745487065095680,133.51022087123098,11.8758548888225
604745968101434624,133.44628848615636,11.860747890702756
604746930174103680,133.61452239855166,11.90151961318083
604746960238488832,133.63319368516136,11.91193924631933
604747303835875456,133.59652843453418,11.944441413151837
604748025390381056,133.5690986024778,11.943874012608159
604748197189098496,133.53193848212808,11.949546022269036
604774349245372160,134.07035234471252,11.77171014085447
604775616260263552,134.32115660985517,11.761808103313863
604827125803512576,133.8883354828151,11.933143216448482
604828465833291008,134.10693088112782,11.911545578451262
604836501716945664,134.12639385759167,12.132796859160331
604837571163981440,133.8060427552967,11.931303901948702
604838292718389376,133.7456447920118,11.959854132015167
604843481039000704,133.67386592107084,12.08318924423077
604850795367637248,133.9086159039632,12.166015060615635
604853578507005312,133.9281463075367,12.248692725788116
604876736970692096,134.0471860308417,12.291498502457605
604877978216189568,133.9580912973603,12.323162745163302
604890038485174912,132.87532463528183,11.458748999953018
604890828759161984,132.8453720511251,11.462678394711382
604890927542618112,132.84828181334288,11.488843485297215
604891412874700544,132.90179087983702,11.5009712479922
604891550313644672,132.92644772978355,11.535298813955471
604891584673389312,132.8983586584868,11.529762993866079
604891825191554176,132.9085188681224,11.546978963911995
604891923975026816,132.97026647119128,11.499108851098631
604891992694503040,132.9692751804121,11.513021898337534
604892198852941568,132.96392595273892,11.51811949824962
604892306227881856,132.95647815631384,11.532638604814037
604892512386283648,133.03193380484035,11.553678480411834
604892684184970880,133.03714490559122,11.573456765437408
604892748609077760,133.00056915203612,11.561520156569191
604892752904464384,132.99738364794433,11.55299799494665
604892787264190976,133.02073406381328,11.568817854826388
604892787264194048,133.01765385767197,11.563539979988047
604892989126939648,133.01756872537266,11.600037805755482
604893165221336064,132.95795286086658,11.555134702144878
604893229645101440,132.9492411921636,11.573440968928908
604893405739514624,132.9096680958197,11.574321810691997
604893646257664256,132.97013686793179,11.5827537895397
604893676321680128,132.98015305512942,11.592638913347807
604894196013526272,132.78842767379695,11.510673899289094
604894264732996096,132.82418653744352,11.521903489749251
604894329156720896,132.80965054751005,11.52385364602003
604894333452472320,132.82308795738462,11.529959986362321
604894505251168384,132.78710237728438,11.538576788480054
604894535315152512,132.8051288385677,11.540265070948378
604894638394355584,132.80847076433375,11.558483726687111
604894707113832704,132.85802503339934,11.550009171192468
604894745769327232,132.83949335458755,11.552022363234785
604894775833324672,132.8519643059878,11.56176849995148
604894913272261632,132.8662181738173,11.582575959164721
604894913272281856,132.8730502410948,11.574634556842673
604894917568011520,132.867432009304,11.576485150408072
604895055006972800,132.8197044275423,11.581278581687641
604895089366706304,132.84976910451695,11.580653764401506
604895158086185856,132.8285289440775,11.588236796633808
604895325589136896,132.7637505120649,11.553332862959502
604895329886451200,132.7621693148779,11.557058177227578
604895364244625920,132.78867375685445,11.559159923113269
604895428668355200,132.78035476143467,11.56743926076671
604895467323840256,132.7815481592287,11.579443138538858
604895600467051776,132.73942445989314,11.582610114795205
604895673481330688,132.77040426502492,11.592105968534932
604895707842014080,132.74102200450398,11.587439513913939
604895810921215744,132.82179026065447,11.586897549945846
604895948360165888,132.83468147201515,11.602570195085613
604896051439390848,132.77967189428244,11.596839700389491
604896051439391104,132.77719082541157,11.599691095661335
604896115863131776,132.7638409724984,11.603729986356358
604896150222841088,132.78087087375013,11.614861913091001
604896253302594688,132.7889397468019,11.623649788067674
604896326317278464,132.89776285641383,11.575589092368073
604896395036758528,132.87466139670332,11.586422750222024
604896463756224640,132.91145359128978,11.602880723789001
604896498115955968,132.92939612707843,11.608003894698795
604896498115959296,132.92578107805087,11.602282789151133
604896528179994240,132.8998515665793,11.609893890460826
604896566835438464,132.90699758067746,11.617702261869198
604896566835439872,132.90418327480896,11.614335581171282
604896631259208192,132.87058872234226,11.60489735743737
604896631259520512,132.87779970342746,11.599417319395538
604896635554923008,132.8839407689015,11.603474200237882
604896635554924672,132.877224392414,11.602762679133821
604896807353611264,132.88530719417034,11.623653959067692
604896837417607808,132.89348112544673,11.632609571625212
604896876073077504,132.92746267714128,11.613696518011759
604897047871749376,132.97266682757402,11.642391248543529
604897077940873088,132.94593935149544,11.642974259483431
604897146655294976,132.91241605794872,11.638489533508054
604897219670462976,132.90060200379995,11.648966605297346
604897288389928832,132.93714865266165,11.649703245137971
604897288389930880,132.93240236008427,11.646304898280325
604897421533506560,132.84224890357362,11.619606298288458
604897631987335296,132.8602897050583,11.6435687214845
604897631987337600,132.8550102591567,11.637819660800849
604897696411104256,132.82446301277082,11.62722390769692
604897696411107840,132.823494922091,11.63612047254699
604897799490329216,132.82818895080504,11.654099213203898
604897803786033408,132.82175528725193,11.65661693494425
604897833850019328,132.84940719217153,11.647808552686099
604897838145767168,132.84657329742475,11.65412257197051
604897902569851264,132.83018759556472,11.658151808973503
604897906866824448,132.83658070499246,11.661139389314569
604897936929290880,132.8450074365611,11.675038215657874
604897936929292160,132.84224677537094,11.677403321597707
604898009944442624,132.8980333794092,11.66304359463066
604898009944444032,132.8982920955117,11.658938927547727
604898113023651328,132.9163828102332,11.674283777229668
604898113023653888,132.91057381069493,11.666135898461603
604898211807205504,132.91000615929593,11.691702155886889
604898246166933504,132.86636497199126,11.667473218641899
604898456621037824,132.88568386026867,11.701443190214748
604898490980772352,132.89615520371964,11.712988045005972
604898490980773888,132.89529480794988,11.704942937468882
604898490980774784,132.88856418347368,11.706026772282783
604898731498904704,133.08036662048218,11.609541712509062
604898761562989184,133.09261975391976,11.61301518339886
604898864643937920,133.04015939044038,11.607735316050556
604898903297606272,133.0380344128481,11.616223846827712
604898972017070592,133.07889581697117,11.632256597543584
604899006376815488,133.05205648704612,11.627348221283492
604899178175495168,133.11042422672472,11.627585499681503
604899315614438784,133.13849202651664,11.655863246377475
604899414398028928,133.07243437882468,11.641352738950808
604899418693667584,133.0782290134706,11.648966755785679
604899453053404160,133.0872200776265,11.651771441512647
604899654921447168,133.03578663058425,11.617446738626553
604899831010539904,133.02616909433013,11.644733801183666
604899899730026496,133.00291096641055,11.638971388206588
604900071528704128,133.03535343146294,11.658647895139268
604900239031753728,133.0557704603142,11.653832498216907
604900277687127552,133.06474731628896,11.665751606894847
604900449485821568,133.0474328783454,11.675567108053828
604900449485824256,133.0409739123568,11.666670662535612
604900651348634240,133.0599524732258,11.701474393553186
604900690003981312,133.06933120630285,11.70832030283156
604900724363708672,133.16111579766914,11.652173602388977
604900724363838208,133.15682886854972,11.659671812927643
604900754427832448,133.1592815964065,11.659854307011932
604900793084792192,133.14132066983672,11.658426113328174
604900823147614592,133.1602768660596,11.668975721369494
604901102320830080,133.14130680489114,11.692464034457121
604901171040299904,133.1668778737824,11.70713915189977
604901239759778176,133.16067879053261,11.707593519021644
604901407262883456,133.22208635391948,11.710159642191318
604901548997418112,133.1797464172524,11.71372067900067
604901686436367232,133.19513988522004,11.727723722054188
604901823875341056,133.10983628434533,11.691020965269104
604901957018617728,133.12610322120312,11.714006761625196
604901961314288000,133.13693285035143,11.710824014045375
604902098753249280,133.09553418993397,11.707008678463941
604902128817395072,133.10403700673967,11.72460677535835
604902133112985728,133.0951808208026,11.719853245049547
604902167472726784,133.0778133194612,11.723495850329515
604902304911675904,133.0939802533943,11.734594936143539
604902334975837312,133.11156997714775,11.749518098984533
604902373632751104,133.15724213863686,11.725415912039214
604902407990875520,133.17174852875033,11.740963431369007
604902442350618368,133.1487041334883,11.740086905555332
604902648509053184,133.12699694035874,11.744227278976936
604902682868787584,133.13778881672522,11.756680638614961
604902923387005440,132.97975626510382,11.661155313506896
604902923387005696,132.98343857150124,11.65381174062153
604902923387008000,132.97448114015353,11.651336868034583
604902987810825728,132.96354139095854,11.659925501375735
604903026466307840,132.97925790423926,11.680642828614753
604903056530306688,132.99478728434053,11.672177426257642
604903159609527168,133.0037809479862,11.685588784822075
604903198264917504,132.95735945567358,11.666229152817056
604903331408222208,132.9889956157857,11.691566321094383
604903370063591424,132.99583971486024,11.696988460020792
604903370063592192,132.98800058551052,11.704267354593142
604903438783071616,132.97612094423982,11.711363488147589
604903468852379904,133.01477662817524,11.689962317917043
604903576222013952,133.024145343748,11.70685105938673
604903576222014080,133.01861750248165,11.715483862094185
604903576222015488,133.0142432277013,11.710557916446541
604903576222015616,133.01366413665332,11.711260413374298
604903713659968768,133.04671160495235,11.728835595616708
604903713660959488,133.04471397852356,11.734950880736651
604903782380443904,133.0120983171488,11.727079780438157
604903812444576512,132.991509781731,11.727379911166295
604903816740187264,132.99454902495648,11.718801038128175
604903984243279232,133.0165467463287,11.750552143025443
604904022898639232,132.93600366168363,11.697505091868937
604904057258372736,132.94620384817577,11.708268332778822
604904156041874560,132.95189365423684,11.706350079233795
604904194697320192,132.95752076993415,11.719100115947327
604904229057064320,132.94428805665652,11.712423077157759
604904263416796416,132.9540253392064,11.727738379240769
604904263416797440,132.95229235246322,11.725346513913287
604904293480903808,132.91518550153515,11.707837377819983
604904297776551680,132.91136132228402,11.710377882388086
604904332136281856,132.9247191996306,11.726992089258353
604904396560128256,132.91366168197786,11.72652641510808
604904469575229696,132.9414876335358,11.735921979596027
604904503934969856,132.93140647428353,11.740680776325666
604904533998990592,132.9322467692491,11.754114740587678
604904538294704768,132.9364128137695,11.750350145304576
604904572654433024,132.98187095648143,11.727549321103576
604904572654435456,132.97489117078567,11.724246443279823
604904641373911296,132.9703186145397,11.735482420403102
604904641373912960,132.96264339018683,11.74128423823179
604904778812856064,132.9910699532655,11.762754944319363
604904813174193536,132.99916374730458,11.762114938255731
604904847532342272,132.95878233483742,11.750082774087561
604904847532342528,132.95919551465744,11.749179294577926
604904881892076032,132.96823803581904,11.764310233565205
604904950611554432,132.95912721713935,11.768575771671733
604905015035445504,132.9818854193303,11.778627395826422
604905019331023104,132.98638410615345,11.781826726775359
604905053690765184,132.97404395534113,11.776272970904746
604905053690766208,132.97035923901612,11.776606866665617
604905122410226688,133.06806608667782,11.737013603893665
604905156769963136,133.0773429470005,11.740646176154268
604905397288137600,133.0416531306029,11.753137739083789
604905431647872384,133.05391166263237,11.758029111378265
604905500367349888,133.0472343503758,11.760536076597916
604905530433237248,133.06661111381638,11.776241494579635
604905534727082880,133.0658669868118,11.775536036723082
604905534727086336,133.05590423274012,11.767011728804635
604905599150996736,133.05998791219702,11.775827341150126
604905633510610048,133.06868404462446,11.793938862910649
604905672166028800,133.11596338645785,11.766289238403385
604905912684188928,133.13455556073177,11.8016532415491
604905912684189952,133.12538806763698,11.807187983419606
604905947043939072,133.09094399354214,11.77963182686451
604906118842621568,133.1174517023467,11.809998256376355
604906148906681088,133.09254748238055,11.817490410285446
604906256281593472,133.04001385389932,11.779497951989923
604906290641337472,133.0179912322535,11.774929472768404
604906290641338752,133.01123726963434,11.776992359684169
604906290641339776,133.01145380646867,11.767735075761584
604906355065249408,133.04161942752833,11.790205274460929
604906428080283776,133.0351559982034,11.802907620334876
604906531159503616,133.0145348712341,11.796691090605458
604906531159506304,133.00615144346625,11.792891779831061
604906565519358464,132.98572104377084,11.790265575793763
604906599878983680,132.9949272820713,11.804111229722764
604906599878984832,132.99202008656013,11.804447382046575
604906702958193152,133.00893277320804,11.818979478458504
604906737317927296,133.02972942766417,11.823727025673374
604906801741863936,133.07044146640217,11.816708727519458
604906840397139584,133.04797891137895,11.812381184016221
604906973546358528,133.07108586058908,11.830274564396483
604907012195819648,133.08911802681712,11.844944725424432
604907046555568896,133.05118967882728,11.824729381288334
604907046555569664,133.04281115055466,11.820734708516616
604907076619776640,133.05388038659012,11.829556477260303
604907110979352576,133.03269795301233,11.830537500608889
604907115275046656,133.03085815325235,11.839476227075242
604907115275046784,133.03485862896022,11.832908637920804
604907218354253568,133.076584471624,11.84839780570242
604907252713995008,133.05953429084906,11.84775905398868
604907355793322112,132.72810740772357,11.588554645817673
604907390153062272,132.70677843006635,11.58580582139235
604907454576711040,132.73191346535205,11.593182183493196
604907523302217472,132.72768553596418,11.611315397738975
604907592015745792,132.68792783167999,11.600663163280347
604907660735224704,132.6833814982493,11.608181687466748
604908004332577152,132.78337968980577,11.64055484898574
604908107412145408,132.7750491004885,11.652149107638913
604908146067299712,132.7354782659877,11.635603634195128
604908313570276096,132.76975220381075,11.67017070751608
604908347929907328,132.7488094915001,11.664582728399688
604908352225723520,132.75257314470633,11.667244199974858
604908386585458944,132.7651435231104,11.67526999886678
604908416649384960,132.6748898176904,11.614602330455092
604908420946771072,132.6766833150958,11.614680107135369
604908489664691456,132.6686492725073,11.623304090211462
604908489664692224,132.65835137642742,11.631053874293036
604908519728692864,132.67177537251493,11.633073870527276
604908592743901184,132.70836728086158,11.647303479169151
604908695823123072,132.6491184401455,11.626752275914125
604908833261132928,132.66619649885698,11.657048601838536
604908863325982976,132.67703242444696,11.663719399426444
604909000764935936,132.72110263208714,11.667283984723577
604909138204304128,132.74266381359604,11.681849271638741
604909142499704704,132.75278966075314,11.6781379700168
604909206923484160,132.7305037700773,11.694378651261758
604909241283211648,132.68683503642075,11.668969385715604
604909310002693632,132.69135306031572,11.682888181955652
604909383016937088,132.72029078064136,11.690409446737794
604909589177870976,132.79486962131747,11.664127724499213
604909619240334592,132.79359097370624,11.672792756073868
604909657895767680,132.82930655944386,11.671026649492779
604909692255500544,132.8440542372361,11.68279263514648
604909726615246080,132.8096958733922,11.685882883389542
604909726615246336,132.81596566155284,11.67507769691382
604909756679296640,132.82612047315277,11.6915576625204
604909756679597184,132.83284335976714,11.69117703871756
604909760974981120,132.82663841305776,11.684489296708648
604909894118250240,132.77690926370232,11.692732870373403
604909894118735360,132.78056987616995,11.696132335255589
604909898413942656,132.77897438448423,11.6969404132797
604909928477987584,132.79488557148784,11.690087126783345
604909967133410688,132.81479160042275,11.708184497943675
604909967133412096,132.81474915009628,11.70101619398672
604910001493155584,132.78956168903517,11.695828299801674
604910100276687232,132.86176743835276,11.706519549183442
604910207651564544,132.8667946032469,11.709671640480632
604910207651567360,132.86020310579264,11.710872912074132
604910237715563904,132.87040014621948,11.719096645613977
604910276371045376,132.8527700034123,11.718387609508406
604910310730772992,132.87549486282987,11.730511618992649
604910310730777472,132.8600836880833,11.730749100857048
604910340794779264,132.8253723308156,11.715199750360565
604910340794780032,132.82159618308165,11.71017268679667
604910379450263168,132.8409452969852,11.721588315349422
604910443873993600,132.82635064638185,11.723653029684678
604910478233820672,132.84158092402805,11.729193511076986
604910482529472256,132.84879793556559,11.736309207785286
604910546953207680,132.84065109963007,11.734733584507469
604910546953300608,132.83911145355594,11.733567339325612
604910551248951680,132.84281321108605,11.735826230673558
604910581313043584,132.8477308835006,11.746155219553595
604910581313218176,132.84819936931743,11.748389195778607
604910585607734912,132.83930696438577,11.749013052351977
604910650032496512,132.76868134613954,11.696969048873198
604910654328188416,132.76582438314415,11.703137548951767
604910688687928576,132.75541795747603,11.699663661408358
604910860486613632,132.77393574800624,11.729701204963089
604910924910708224,132.74727141984204,11.717062286699496
604911096708974080,132.74850835612648,11.735563638581532
604911135364519808,132.76459353599168,11.750770214629803
604911135364520448,132.7584908779304,11.755297369497915
604911135364522368,132.75638043916936,11.741397351613386
604911199788235648,132.81779657290343,11.742470236647666
604911204083987328,132.81021451545053,11.744709106603915
604911204083987584,132.81022594920665,11.7435055484681
604911268507711232,132.8097517211022,11.750135043124263
604911268509027328,132.81012617051914,11.750932919092659
604911307163200000,132.82379425742133,11.741530484622633
604911337227185920,132.83837961665486,11.764643151338875
604911341522929536,132.83465900484816,11.764564997160335
604911341522931328,132.83605102065158,11.757023806753859
604911341522932352,132.8366395258635,11.750680669965403
604911375882674176,132.82003534411137,11.761571302524906
604911375882674560,132.822807019762,11.75629552834102
604911375882674944,132.81952447881753,11.75816214557706
604911405946776448,132.81858211963433,11.768727532330567
604911410242411136,132.8222911797527,11.767553359645758
604911478961895424,132.7990288171814,11.756134765684447
604911509025877248,132.77006290559672,11.765787924725634
604911547681373184,132.78594423114305,11.769934829752874
604911547681374080,132.78060820303236,11.774410307505123
604911547681374976,132.7835911910095,11.762928148289982
604911577745908352,132.8047143790443,11.769954087130944
604911582041107456,132.80117906395006,11.772574461086279
604911680824692480,132.7974905999688,11.786379278408976
604911680824696064,132.80284614752156,11.791561048959148
604911685120318592,132.80910321990027,11.787141815385185
604911685120320512,132.80086593504421,11.787453183704807
604911749544005632,132.64323407110425,11.665743850429896
604911886983070720,132.6678833667543,11.681493194439367
604912024422326272,132.6112907174564,11.677452834141842
604912058781650176,132.59001250522766,11.682053365222018
604912063077484032,132.59116109595246,11.682094214812377
604912196220603264,132.6180038117233,11.702717639238987
604912368019294976,132.66864453603912,11.703203361474632
604912372315122176,132.6680243391985,11.707226869194429
604912402379032704,132.69631483564376,11.71521686090605
604912406674856064,132.69199810714824,11.718959347259792
604912471098638720,132.68335992715086,11.713735977726866
604912608537595008,132.6302873337557,11.72248094946061
604912647193030016,132.65051057203152,11.721681110464335
604912745976557568,132.6584871639753,11.740392425699033
604912853351465728,132.59433370288264,11.709852567896395
604912917781019008,132.58763667936174,11.708864633737239
604913162588927488,132.55058784905737,11.71471606766157
604913403107275008,132.63784162391514,11.732985632168482
604913471826560512,132.6275744209276,11.747615556039754
604913536250548352,132.65908748085454,11.756139997871035
604913574905773312,132.64451606621785,11.757104582975066
604913742408986752,132.60139681767714,11.772349016456673
604913776768724352,132.62173759904903,11.770981546186002
604913811128465408,132.64299451149267,11.776446888518544
604913815423941120,132.6412912486113,11.774233150427253
604913918503337728,132.7222203252625,11.727778451914373
604913948567397888,132.7208508146534,11.734016210137082
604913952863073920,132.7281451731343,11.737263675667396
604913952863074688,132.72263104008843,11.742952668429583
604913987222816768,132.70692858952987,11.733365820749187
604914021582551168,132.71788535131734,11.750984927195558
604914055942336000,132.73421703307375,11.75438256673151
604914159021501184,132.7325343117316,11.764867012515055
604914189085426560,132.69854336835243,11.747613659568293
604914193381246336,132.69849308934292,11.752866575151344
604914223445164416,132.6982863852708,11.75634788375695
604914223445486592,132.70519740791715,11.758225636160768
604914227740983936,132.70269971563502,11.751322741169176
604914262100725248,132.68207227817248,11.757405528893674
604914502618876416,132.7650165163331,11.781978023014346
604914536978619520,132.74674931693474,11.770265596908839
604914601402325504,132.78488564648407,11.786694995186608
604914605698086784,132.77677928197727,11.79184099767538
604914708777297280,132.7884736054834,11.805723194140635
604914777496782720,132.75644759317666,11.797265827789168
604914807560715776,132.72147078901816,11.792819741066614
604914807561160064,132.73375690606153,11.798275974301049
604914807561160704,132.72369242207918,11.799927782409746
604914846216261504,132.74541789668467,11.805345149327437
604914846216261888,132.7435015036983,11.801845245685634
604914880575997056,132.75502854071894,11.805949714505209
604914910640118656,132.75972072804413,11.814852928274735
604914944999667328,132.74593915519185,11.815975991085903
604914945000917376,132.7460369930083,11.816688049888604
604914949295282816,132.75330618262134,11.814653311082745
604914949295285376,132.7437194774349,11.8121970277052
604914949295475712,132.7458843388498,11.808088641823153
604914983655018496,132.75640409617554,11.826187033639433
604914983655019520,132.75879094360027,11.817018317411668
604915013719302784,132.66563792337936,11.764103304098077
604915018014971264,132.67120494919823,11.759231148511955
604915086734256000,132.66202511094664,11.782114005421528
604915086734257152,132.66066507450043,11.776786753817767
604915151159263360,132.69224097554587,11.782391336461309
604915189813463808,132.69855150188008,11.797939442900473
604915322956791168,132.66991747450348,11.79616272342744
604915395971900672,132.65341528079142,11.800210349866036
604915499051114496,132.6527469052105,11.815353750957756
604915529115410048,132.665603295205,11.821480002581309
604915597835911168,132.7228455775275,11.817187599229207
604915602131975552,132.72230061209459,11.815933260612363
604915636490059008,132.708062843926,11.820200324904567
604915705209528320,132.73604801230857,11.831840970803485
604915739569260672,132.75680585552587,11.83501182449341
604915739569261184,132.75436107910528,11.836351490881963
604915773929008384,132.7213819532105,11.829580808910784
604915842648492544,132.68216687180748,11.824621651959056
604915877008228096,132.70003685406516,11.828194396713872
604916010151555072,132.72802893283128,11.852591437914667
604916048806915200,132.7066343188389,11.8545110932077
604916083166650752,132.71330450438523,11.865848782999727
604916117526551680,132.89369951518378,11.730401392480838
604916181950391936,132.87958956797854,11.7328114290413
604916181950394240,132.88480426660172,11.739472847045064
604916254965494528,132.91470558065834,11.750367117572235
604916254965496960,132.9079730280216,11.746505198711779
604916319389359616,132.8951302070659,11.760422154950373
604916353749267840,132.91138208936334,11.770322824520003
604916392404461184,132.8739670381513,11.751822932419964
604916422468464768,132.8801036395372,11.764057641284063
604916426764198400,132.87226121480754,11.757667127201513
604916461123940096,132.86096653441743,11.762029515319194
604916461123940992,132.85407293982652,11.761929442391432
604916495483676416,132.86878960472615,11.759402860877271
604916525547792256,132.88590202483664,11.766609791426
604916529843404928,132.8903009702184,11.771142008723615
604916529843405696,132.8926429456758,11.764866788016887
604916529843406976,132.88893534634798,11.766579373644515
604916559907415040,132.89999250235624,11.775989013779908
604916559907536512,132.90434664402983,11.775803662508133
604916564203137280,132.9051594687394,11.782137561557409
604916594267287040,132.876708595983,11.783764162731817
604916598562881280,132.88409552060384,11.782003990516957
604916598562882048,132.884867990325,11.779347612948708
604916598562883456,132.88389862814438,11.776814446431525
604916598562883968,132.88394717593,11.77415924756792
604916598562886272,132.87487401793535,11.773384253510864
604916632922617088,132.89211901247182,11.782151180709594
604916667282344576,132.93331447306122,11.773469588156832
604916697346488960,132.93681792799913,11.775272998226534
604916701642080000,132.94334899041655,11.774074062147497
604916736001826432,132.9185191314346,11.777172276056481
604916770361557504,132.93636327609062,11.779444275070043
604916804721291776,132.947537936037,11.786013808580423
604916839081025280,132.962378253863,11.796221568765866
604916873440765696,132.95272345917692,11.793212046471833
604916873440769152,132.93777157402997,11.796090555435972
604916903504793856,132.95388699197713,11.800601182942918
604916976519989248,132.92284520452912,11.793367350545322
604916976519990272,132.9231946318232,11.786977981036127
604916976519992192,132.91364071106884,11.79536949987665
604917006584145792,132.8968414977733,11.794361129231296
604917010879734528,132.90026413767293,11.796390371730176
604917045239468544,132.91266321981394,11.798712202154752
604917148318674816,132.93103535395755,11.814491582580228
604917148318677120,132.9200212614001,11.818209499276277
604917217038188288,132.83980053555695,11.768381809009758
604917281461920256,132.8337997855924,11.778252739493274
604917281461922432,132.83557756304552,11.768010696262305
604917285756844800,132.83342339463553,11.779292173854452
604917285757662592,132.8418298007512,11.778044916604935
604917285757663872,132.83289299566326,11.783437016563388
604917285757665920,132.8356724961179,11.771211754506856
604917320117398400,132.850440831125,11.785928282218059
604917320117398528,132.84913659265166,11.78778762734426
604917320117399936,132.8457332149276,11.778264987012218
604917320118983936,132.85119731670474,11.791210220915213
604917354476416640,132.87178875824796,11.790079777841939
604917354477128448,132.87455586768024,11.788004957491042
604917354477131392,132.86804379291274,11.780400784910237
604917388836860416,132.8849583014752,11.800328926927751
604917388836866560,132.87066872744356,11.79526051009603
604917423196609280,132.8556647740653,11.792844689726236
604917423196681088,132.8534685240188,11.801112786767174
604917453260607488,132.86951967073117,11.800595695400723
604917457556344320,132.8635223036517,11.802757398041114
604917487620349184,132.8222290853847,11.783505206210943
604917487620477056,132.8238507418957,11.78185656715564
604917491915139200,132.832725670297,11.784244146597137
604917491915146368,132.81694052496428,11.787366593837644
604917491916094336,132.82912472523776,11.789228302961739
604917491916095872,132.82781372722755,11.784075469924868
604917526275831040,132.82987263744636,11.798511415909555
604917560635575808,132.81430795998233,11.792065766969978
604917560635577472,132.81145056489564,11.789993233352321
604917590699705344,132.8300138955485,11.807489761993267
604917590699705472,132.8290198908943,11.806032970371136
604917594995372160,132.82100479456653,11.807433465773814
604917594995372544,132.8211975772199,11.804479120262537
604917625061651328,132.85054101353114,11.807407161462361
604917625065211008,132.84702966110643,11.796394766206399
604917629355037568,132.8552415064304,11.803761895867133
604917629355038720,132.850311092646,11.806077942155428
604917629355038848,132.8454253721632,11.813720717979884
604917629355039360,132.8469377922886,11.807361863587866
604917629355040896,132.8421994417987,11.807751792394754
604917629355042176,132.84496547830224,11.800481666248837
604917659419033600,132.8580872508589,11.819144373157416
604917659419190656,132.85613980132848,11.81526991345497
604917663714774272,132.85762241691984,11.812667685364396
604917663714774784,132.85391265515494,11.816874464105041
604917663714774912,132.8583315378282,11.807583116102906
604917693779073280,132.83837198438843,11.821108300239162
604917698073661952,132.83290451845278,11.811325792496604
604917698074520320,132.8362190508644,11.808738405249853
604917698074587136,132.8400304800094,11.817360873933733
604917728138508160,132.84901041231075,11.830359410314017
604917732434252032,132.84788105468462,11.818283946187028
604917732434325248,132.8456268130823,11.820309197285223
604917766793981184,132.88567668576638,11.80669028339527
604917796857988480,132.89927206176378,11.814308747137101
604917831217725312,132.877350503302,11.820329049332091
604917831217881728,132.88838980140608,11.814249844635672
604917831219174528,132.877319542249,11.81521125343731
604917835512485248,132.87624057103935,11.815159388803108
604917835513456512,132.88576013498908,11.814459418206555
604917835513458688,132.87684134732825,11.81618806596341
604917835513458816,132.8778161229044,11.81457891942498
604917865577461888,132.8927809566184,11.82883833383453
604917869873191424,132.89394229148368,11.8185625284514
604917899937362048,132.90945638928758,11.829097877390957
604917934296936704,132.92637138383867,11.835454589662037
604917934296938240,132.9268333531552,11.831089645075567
604917968656982016,132.8966584979393,11.830901780482735
604917972952399232,132.9058083722677,11.834794012600288
604917972952400256,132.90301474710134,11.833065379693403
604917972952402048,132.9015906266165,11.826066298861658
604917972952402816,132.8939571694427,11.833920095231512
604918041671889792,132.86723116425335,11.824293743634895
604918041671892352,132.86046098811008,11.822305410733648
604918071736056960,132.8766344162963,11.834946799901468
604918076031622144,132.88390694834712,11.834331384283809
604918076031623680,132.8802205325404,11.830856999607132
604918106095629952,132.85846187997177,11.83208058558561
604918110391371136,132.85150397017247,11.830684842864347
604918140455365888,132.87445905580125,11.839681960715644
604918140455366528,132.86639751586537,11.836630882922345
604918144751101440,132.87074596744992,11.84252187991014
604918174815279616,132.8881993270851,11.850604213854924
604918179110834560,132.8861179141424,11.84191682857874
604918179110923392,132.89268700719853,11.848460302513542
604918179110923520,132.88569047044473,11.844607163145648
604918213470564992,132.90764848085288,11.849179731498772
604918213472162432,132.89293114779957,11.852903646602671
604918243534758400,132.87072904756974,11.85384815368228
604918247830308096,132.88773554512318,11.854447412714435
604918247830309376,132.88293843194865,11.854615380482143
604918247830311552,132.87629384835847,11.856157575388933
604918247830312576,132.87479917720938,11.852503672083786
604918247830312832,132.87941979498777,11.844183771079285
604918282190042496,132.896519780508,11.86096376968749
604918316549769600,132.98155898548345,11.810603368316759
604918316549769728,132.98552808642546,11.803469658701207
604918316549771264,132.97224917790228,11.805787369253986
604918350909506176,132.9910498986904,11.808278022924705
604918522708192256,132.99483964635692,11.834028670729893
604918522708195584,132.9837699182939,11.83743920414589
604918552772398336,132.99970009862602,11.842951984199651
604918552772398720,132.99166705103767,11.843782860188732
604918591427678848,132.95806939630876,11.825319991847184
604918591427679104,132.95471746722504,11.828766070130046
604918591427681024,132.9526148343308,11.821001917031987
604918763226358656,132.995735795022,11.853938868529912
604918793290569856,132.97190903708577,11.849504624804924
604918900665305600,133.03040442203098,11.858723576129126
604918900665306112,133.03415784253795,11.851380890368395
604919033808556800,133.0521578382157,11.875930583962816
604919136887960704,132.99011773791375,11.862800914554494
604919209902956160,132.99410759813009,11.870910106963603
604919239966985984,132.99843909344895,11.88267710862665
604919244262692352,133.00213407214537,11.874760515293989
604919278622426624,133.0212128607109,11.885938873910728
604919450421136000,132.95130645659663,11.853308118669334
604919480485158784,132.92646568694238,11.85639705755515
604919484780879360,132.92964792570362,11.850578391478525
604919583564564096,132.96193564044148,11.8690305413492
604919587860083328,132.96976446882084,11.869795651760223
604919617924301184,132.949707193633,11.867357019374836
604919690939411456,132.91405778104226,11.86267313930971
604919725299047424,132.919383365524,11.86854455190609
604919789722799232,132.91265988900622,11.88477378005925
604919789722800256,132.91693931839475,11.878705222461525
604919794018524032,132.91482058365125,11.879997181098858
604919927161960448,132.94027144064015,11.898465003340176
604919965817201152,132.97893567912988,11.884990675728341
604920000176937600,132.9841647470044,11.893260542369095
604920030241180672,132.96139154933945,11.88959708458793
604920030241548928,132.96655357963166,11.895967857052954
604920098965736832,133.00750398186776,11.901244155855697
604920202039656064,132.9979616884544,11.917996756504506
604920236399979264,132.95848487084604,11.903067651966552
604920305119088128,132.93936817162913,11.909813405191208
604920339478833536,132.9574090341253,11.925682812917687
604920442558052992,132.96621304842955,11.935768188287447
604920481213271296,132.97211741502974,11.938080944634143
604920515573076352,132.80089214443902,11.809643484926914
604920515573077632,132.80005486962708,11.807414645829866
604920549932807296,132.81860647195816,11.816704483459676
604920549932808320,132.81265751758596,11.822526102605199
604920549932809472,132.81250776537107,11.814655434194247
604920549932810368,132.81094609963804,11.814040506914477
604920584292552832,132.79845931610862,11.814040886829336
604920648716270848,132.82720496614647,11.822630402974745
604920653012016896,132.83198461278266,11.827529110720974
604920653012018688,132.83005654526977,11.823428603806073
604920653012020864,132.8202115546347,11.827417392336024
604920683076006272,132.8291867238187,11.834918935672093
604920687371751936,132.83380736373863,11.83978233596769
604920717435743872,132.8138844551682,11.837309985817877
604920721731496064,132.8207101866443,11.835936274454905
604920751795652864,132.81508542511855,11.842455765596906
604920756091231232,132.82733319951794,11.83730654525302
604920756091231488,132.82604185779354,11.83879400844924
604920756091231744,132.82095010618377,11.84623629324878
604920756091232256,132.8199008884277,11.844159233252451
604920756091233408,132.82389034195504,11.834877952816734
604920786155223552,132.7717921169326,11.826132729168837
604920824810533376,132.78489103549325,11.835494425241782
604920824810533632,132.78330056997476,11.83217796432791
604920824810716672,132.7989806008438,11.833847502498788
604920889234433792,132.78565081715647,11.848060001397988
604920893530008064,132.78668936329507,11.840889290387484
604920923594172672,132.81010485552775,11.84452229275972
604920923594172928,132.80665032201827,11.843909917167544
604920927889741696,132.8007665414661,11.842517778249936
604920927889929216,132.80277383094378,11.842939491288519
604920957953908864,132.8066858189857,11.855077647183508
604920962249663360,132.8151086611252,11.848939492176996
604921030968952704,132.80817701629928,11.858078714388666
604921030968952832,132.80559504321192,11.861146681281866
604921065328866688,132.853759336477,11.843299857534564
604921065328868992,132.84388329155206,11.847118520703374
604921129752600832,132.82816875996772,11.855184554157473
604921134048344960,132.83917925175024,11.857563451663417
604921164112524800,132.85328920795627,11.863702065956744
604921168408082048,132.84330749134082,11.858108397755396
604921168408082304,132.84059596052379,11.861671331691054
604921198472075008,132.86996312231452,11.866647749676654
604921202767809664,132.87060584811644,11.870136624801109
604921202767811712,132.8743622880794,11.858310365801898
604921202767814016,132.8660752060696,11.862813733647961
604921202767814528,132.86250050005347,11.864594294721323
604921271487102464,132.85629405396207,11.87744089449727
604921271487287296,132.86787429806353,11.871523661310622
604921305846834816,132.86685941351104,11.888765967218436
604921305846836864,132.86450791425622,11.884009369521323
604921340206591744,132.82121336849383,11.86804251161211
604921374566321920,132.84058944598144,11.877177636754924
604921374566323200,132.8339382340836,11.879991144648056
604921374566324992,132.83199152304246,11.869638921895687
604921438990241280,132.81560950891807,11.882997663173677
604921477645534976,132.84137577874628,11.885802295893395
604921512005265664,132.86420507379762,11.890704974736725
604921512005266048,132.85904725233848,11.897760851989633
604921512005268608,132.85664429836703,11.887724113339994
604921580724745984,132.84638694650317,11.901384065213167
604921679508385664,132.74914800692656,11.8535026108753
604921713868337280,132.76467881878852,11.861225180192038
604921713868728448,132.7659521007996,11.860909905809686
604921718163730560,132.76865387371458,11.862766961055666
604921748227889152,132.78145534418945,11.865691062059714
604921816947364480,132.77290158633653,11.875586377131055
604921821242942464,132.77046946681625,11.873921747812334
604921821242945536,132.76241987243185,11.873798075192543
604921855602675840,132.78127078733152,11.882246851764018
604921855602675968,132.78005588537422,11.883864558840845
604921885666815360,132.73464294508156,11.858122866449648
604921924322164608,132.74227388877856,11.87286832465289
604921958681906176,132.73200070279952,11.870734183337936
604921988746029312,132.73212920830196,11.882112415409331
604922027401371904,132.7653489920436,11.884914384514042
604922027401374080,132.76169432007003,11.881922954797222
604922057465737472,132.77452195116783,11.896503161989841
604922057465857792,132.7686913528674,11.883741959791012
604922061761107584,132.77419819830268,11.886304241910434
604922096120852864,132.7531291445454,11.88651239109607
604922130480588544,132.75169023487408,11.901338670742376
604922164840316416,132.80135614430614,11.88213020571764
604922164840316672,132.80283852526637,11.878444829397731
604922229264424448,132.78834572917086,11.88728107684632
604922229264428544,132.7885093808361,11.8942894717019
604922233561475968,132.79457455142932,11.890712516931192
604922267919525504,132.80116264138996,11.90637877005004
604922267919526912,132.80380024159334,11.897833924286921
604922297983905920,132.82391003197492,11.895924723901452
604922302279256320,132.8283517731848,11.905039070926923
604922302279259008,132.81900117845774,11.904198115103897
604922336638992128,132.83868585489884,11.904020745702166
604922370997734016,132.8087273005995,11.90574105108332
604922435422864512,132.77648974434882,11.905213977759177
604922474077958144,132.7943979341253,11.909484654333037
604922641581304576,132.78419202539064,11.926632456773293
604922748956025216,132.8990278346759,11.892973386369523
604922779020036736,132.87993579554507,11.888320878491179
604922779020036992,132.8830724393302,11.88658613865033
604922783315580288,132.88290550282431,11.892454005794992
604922817675315968,132.8838536424932,11.901716527466668
604922817675316096,132.88680874936665,11.895752716701214
604922847739721856,132.90686278904428,11.89929985945004
604922847739724800,132.90651199892196,11.904548876944364
604922886394970240,132.92811045842987,11.911033335168907
604922886394972160,132.92173740543262,11.908062443017352
604922920754523136,132.90458932171813,11.916652622822426
604922920754523520,132.90423542326172,11.913875744577503
604922920754526080,132.900889362147,11.90971246977283
604922920754526336,132.90220173714548,11.907574272558689
604922985178465152,132.87248424685583,11.903866301242159
604923023833744896,132.88213865097435,11.915813227651391
604923092553224320,132.86977100986428,11.920239789095522
604923126912957952,132.888772826805,11.912206105292993
604923126912959104,132.88354241088408,11.91905446290901
604923191337116672,132.87744520340718,11.923069676701717
604923195632435968,132.8779957580632,11.92717480338072
604923333071376512,132.9274385450047,11.934727672758932
604923367432823808,132.93281414390037,11.945133727472605
604923470510324224,132.9534438346125,11.947554554442505
604923470510326784,132.93836375385104,11.948695079084786
604923607949286912,132.90652611267652,11.945705057064833
604923607949288064,132.9015545710283,11.947444044473949
604923706733209088,132.93946761654976,11.964719875480391
604923745388235136,132.92038290015353,11.962325476161402
604923809818135936,132.84153499391556,11.921633562675899
604923848467467648,132.86615190719334,11.928030936523623
604923848467470976,132.85612016957663,11.927404215661157
604923947251366656,132.86126492369382,11.936701769755803
604924088985646464,132.82576245861543,11.935150004021255
604924088985647360,132.8225834702973,11.93906135651133
604924123345378688,132.83906743458775,11.947958413855739
604924157705123072,132.81577836122693,11.952198797957251
604924226424589568,132.8462603273626,11.960102845929008
604924290848519168,132.8290048736963,11.969719492414635
604924393927734528,132.89746945791592,11.965697024871444
604924531366686080,132.92826067515676,11.991943436160176
604924531366934784,132.9216732613338,11.979238888905934
604924668805890816,132.8746726342096,11.983970622438758
604924707462709120,132.85447155921946,11.988718002401518
604924737525369344,132.86788609376114,11.987377224800772
604924776180388736,132.888485213631,11.994766716648753
604924840604588416,132.87691193267312,12.001949074407682
604925046762260096,133.25742183586897,11.751941194332574
604925085418183296,133.2714028812646,11.752860722187002
604925390359645056,133.2305814024836,11.771182293725351
604925875692160640,133.28213908959654,11.803575143883874
604926184929812224,133.23559348652566,11.79054609733327
604926322368772096,133.18792427366168,11.787676558606238
604926386792726016,133.17456261840178,11.802651440926534
604926494167460352,133.19367413734463,11.816052220823583
604926494167461376,133.18499571416893,11.817467860791156
604926631606409600,133.23432987976173,11.814967642336816
604926799108925312,133.26484291351332,11.844624104873429
604926936547878400,133.21600282153835,11.843531817018551
604926940844054272,133.21845233498743,11.847661449075739
604927039627095040,133.22519419011655,11.853195238392635
604927421880381184,133.3273460008334,11.833909354608675
604928036059785088,133.35082063620126,11.887777499669442
604928139138729216,133.36514285457628,11.892729608386864
604928658830961280,133.29858327807972,11.89927291798467
604929346025748608,133.1644378747267,11.821555281990971
604929620903656192,133.15206605038549,11.833941210087998
604929620903657856,133.14454520817034,11.833506191246462
604929655263400832,133.11980979545623,11.833708499434927
604929689624751488,133.1246044241611,11.841606763540623
604930067580245888,133.20513512727044,11.868961569546407
604930235082768768,133.18009148483168,11.887254111275528
604930445537379712,133.11947896902046,11.857973378687559
604930445537379968,133.12004356807475,11.855430869921657
604930445537381632,133.11757030437235,11.85159654876049
604930509961364352,133.11646842251736,11.866777152191357
604930681760052096,133.0841733726764,11.861096389152033
604930681760052864,133.07986202748498,11.862777527737908
604930681760054656,133.0797777647775,11.864407105643213
604930754775030400,133.08219629877846,11.872998665282891
604931064012660992,133.16029349552159,11.898936602283255
604931441969782272,133.15008340015441,11.930657434862093
604931472033361280,133.16118657539482,11.942170944139834
604931815630738688,133.2287541285762,11.91388479607241
604931819926896384,133.22989274429165,11.916880738740497
604932404042610176,133.24774597993178,11.947294496175703
604932988158004352,133.17453202058002,11.951222948739096
604933018221557120,133.19852066313993,11.957266011211006
604933121300811520,133.2016705558947,11.979014367720543
604933125596954240,133.19759137452365,11.969061822308982
604933228676166656,133.23229117354663,11.962824866305505
604933400474853248,133.273120155758,11.995910773529129
604934190748829312,133.40587519000084,11.929782589611563
604934465626731520,133.47400750408693,11.954721244930957
604938447060218112,133.29893912822533,11.991947023428624
604938550139479680,133.33660322398944,12.002404651377415
604938721938124416,133.36123290755913,12.004980695979924
604938721938173184,133.3590180823616,12.003260459752836
604938859377130880,133.37946407511646,12.022197624168605
604938859377134080,133.38727863120786,12.028885741561764
604939241630372864,133.30477562789486,12.005276806447059
604939241630374144,133.29106476601177,12.004914411212631
604939271694093440,133.26629761501826,12.005054472641588
604939550868021760,133.25450301026842,12.016599834730254
604940405565367552,133.42333836152886,12.04939003630768
604940650379639168,133.38361803182724,12.05942337774715
604940822178327552,133.4167435523372,12.08373077442751
604941127120034560,133.44099263413972,12.090460041305338
604942505805554176,133.06434744677256,11.883738698877051
604942540165288960,133.07809278080984,11.898161306091637
604942570229541120,133.05973593776807,11.891716682549607
604942608884767488,133.06676322069123,11.896909692803035
604942879467199360,133.0436203431475,11.916675075918528
604943227360042240,133.13838267591257,11.949838236554628
604943291783363840,133.12986622303848,11.9604008551031
604943394862576384,133.08187444948265,11.948906394447782
604943433520098432,133.0899698867872,11.95735423763961
604943674036665472,133.010271714037,11.92616104979336
604943880195096320,133.0016787318734,11.935279430301359
604944082058063616,133.01541769750847,11.969121318083513
604944086353518592,133.0137191460236,11.96794278841992
604944120713062784,133.0189413006672,11.980231799838688
604944120713063552,133.01974188474222,11.97473225632223
604944120713254912,133.02307331630107,11.972585012786757
604944356935258496,133.0816252621943,11.983171452040018
604944361231413760,133.07551954828682,11.986481671947082
604944601749381632,133.07892939351467,12.010418341851713
604944803611816960,133.14845952145765,11.981164404375486
604945288944333440,133.20794129253107,12.008676928908299
604945387727420416,133.22012940769082,12.021018672345463
604945456446899968,133.20484974322824,12.028464230371501
604945598181981056,133.1713140462688,12.025773896141871
604945701261192192,133.2034777429449,12.04664474625235
604945804340420736,133.1088443470859,11.98997055179442
604945976139106560,133.13637396627996,12.023855311226017
604946285376553088,133.10256923770083,12.044810379251947
604946693397490816,133.12463603696168,12.057007171468118
604946732053144576,133.12820868227615,12.071358065332051
604946835132357120,133.14221181714262,12.074767164470487
604946865196192000,133.15910832287585,12.087876105076644
604946865196193280,133.16076415791187,12.091192949535907
604946938211615360,132.99179005437918,11.972926611379913
604946938211616000,132.99276484463226,11.966517775181261
604946972571361152,132.9643616896929,11.963813202369447
604947006931096320,132.9743174985281,11.971583921988776
604947140074786816,133.0026064349036,11.992245252514659
604947144370041728,132.9955065543135,11.998896448905422
604947281809005312,132.9505267651695,11.992014066494201
604947518031910912,133.0082628821316,11.998966261358808
604947621110416640,133.05459402118822,12.027148379331832
604947625406360960,133.05033279019898,12.029703121429367
604947724190083712,132.99190266518517,12.016553873113118
604947827269657472,133.00321680117972,12.036457384543478
604947831564803840,132.9948292964705,12.032108482690813
604947865924535808,133.02522571725046,12.029340676296462
604948106442727424,132.93192974386156,12.015287867117046
604948278241425152,132.9141658543413,12.01587038802481
604948342665639040,132.90429291237612,12.02355900398079
604948346960902016,132.90855943664283,12.023434198660938
604948583183812864,132.99336925069449,12.038597850951474
604948651903292672,132.96949688504853,12.052191723929107
604948686262313984,133.00394547061967,12.051904663765752
604948686262315136,133.0090442660681,12.054495911186724
604948720622058368,133.01185800867307,12.071708144217244
604948724917993088,133.01437332167865,12.058314856768751
604948724917993984,133.00646393985858,12.065051743442057
604948759277929984,132.98842899762934,12.067033301306331
604948862357149184,132.97156563582467,12.058883053659038
604948965436170112,132.96998294476305,12.071933166586588
604949034155646592,132.96554980137256,12.079669720990868
604949102875105536,133.07050219669281,12.038943803120464
604949102875106816,133.0655711439449,12.036388012075843
604949201658390400,133.06717728979766,12.052855337906449
604949613975260800,133.06129020817946,12.087032757700074
604949888853089664,133.13624099159514,12.106948114172301
604949893149069312,133.13047959153124,12.113595322514179
604949923212906880,133.0947573870151,12.087871771132754
604949927508816768,133.0941776843314,12.08857534011372
604949961868553856,133.09366502363164,12.103933910537032
604950236746474880,133.02896972661358,12.084314252442278
604950305466150144,133.02010296328564,12.085346747887682
604950477264649600,132.99967871099096,12.083027369596387
604950545984126080,132.98697241030112,12.10516450847321
604950786502478720,133.07201443265944,12.11822388121908
604951297602424320,133.2437833243205,12.032468996376949
604951301898543104,133.2439557991422,12.039296833006993
604951435041382912,133.26083174302983,12.049747797085432
604951851654351360,133.29188188937812,12.072407776030921
604952087876430208,133.2999201439405,12.110492336767996
604953668424485632,133.3669235704342,12.142392923948826
604954497354194688,133.39519539153562,12.196440569916275
604955287627960448,133.346319903829,12.202543651056375
604956142325569408,133.1576434237644,12.15559927006243
604956215341130880,133.15217349568792,12.168515180979368
604956352779862656,133.1972193451049,12.176034388500645
604956623361917312,133.17405109197014,12.192089154029677
604957001319035520,133.11666568556828,12.179771689103692
604957039974640768,133.13496891389335,12.180377358042874
604957516715120896,133.19327588602545,12.213718207892768
604958345644678784,133.25616119704443,12.237893883318883
604958826681014656,133.25619122126722,12.261861194597369
604959887537089920,133.20356478740055,12.295733230264892
604960063631595008,133.23860688365147,12.322014895117128
604960235430488960,132.56099327197654,11.741549510916894
604960334214210688,132.5553016221197,11.765672413232647
604960441588923264,132.50968068046708,11.75248556636292
604960609092130688,132.53680236020685,11.789275894650052
604960609092133248,132.53943013866672,11.793868876796548
604960952689519488,132.56530323356574,11.79947186481341
604961021408999808,132.56477966983294,11.803558971442195
604961060064200448,132.59140657907602,11.804009516904314
604961163143414912,132.5838118186337,11.819730066965864
604961777323248384,132.5539424338245,11.811142696097892
604962189640269440,132.55332223332857,11.85021351880398
604962193935568896,132.55120535653674,11.856791616775809
604962292719320832,132.62100175014422,11.806565538407117
604962331374512640,132.63875586038705,11.817252400827062
604962636316716800,132.59520244678438,11.829989094030811
604962640612163200,132.5898482026766,11.839757873374662
604962709331635072,132.62045570780325,11.841411584679834
604962743691561472,132.62932023153516,11.854524256710336
604962984209526400,132.69326261010053,11.871317607852488
604963052929005824,132.6772350941831,11.874224322061757
604963087288739584,132.69520199935351,11.882725756405424
604963121648488320,132.65475836325743,11.858925747265939
604963259087437184,132.67272966472308,11.875184729281354
604963357876984704,132.67319701214402,11.901362446922022
604963362166649856,132.66944550187847,11.899817493116494
604963602684833920,132.5974177085976,11.866245855696935
604963637044570880,132.6013955105936,11.876713191409133
604963740123794048,132.54439023826106,11.876368234600239
604963877562742400,132.5678547779273,11.896664577949059
604963911922477696,132.58381422020366,11.90506323109541
604963980641948416,132.6301561524312,11.891039794693599
604964010706281856,132.61948622265265,11.891674129111076
604964010707107840,132.6119074978904,11.896242079168239
604964079425764736,132.64285898623305,11.903260557433764
604964083721158656,132.65410423899596,11.901286526183664
604964083721159936,132.6459317244846,11.898459398392847
604964118080894464,132.65839887499996,11.911299310748314
604964148145244800,132.6372343522823,11.910828423380037
604964251224459520,132.61063528086163,11.90900493377986
604964255519855232,132.6168447369115,11.914038327090946
604964285584199680,132.59804328296,11.913497960872421
604964354309369728,132.62053652111425,11.920007814935259
604964461678281600,132.62787602020248,11.933763006616363
604964496038052352,132.45395869194078,11.806884487027206
604965178937376512,132.5193915250115,11.868561794084856
604965488175031040,132.5041780053613,11.89178394928854
604965488178995328,132.5007208278751,11.892449941555526
604965522534367616,132.47889012130653,11.887721626041346
604965522534368256,132.48571530985694,11.895426230826716
604965561189933312,132.49221310059878,11.895640990132483
604965664269158656,132.3943557115092,11.857126084403252
604965934851301632,132.37344187096616,11.877159043411293
604966003570704256,132.41209036036324,11.8778386081395
604966454543134720,132.4390021854483,11.918445275517167
604966518966784256,132.43784251163913,11.921670433736782
604966763780773248,132.52234929690653,11.890621541010646
604966793845092864,132.53303603594048,11.898461270646461
604966828204831616,132.55827065958272,11.899663778881797
604966862565338240,132.56585489265748,11.913406462827881
604966866859978240,132.5765684642013,11.906660294104235
604966866859978752,132.5719416291857,11.90772967129554
604966969939202176,132.52508952024203,11.898282735184557
604967206161971200,132.54532685207658,11.937126901095956
604967244817098240,132.57608510110327,11.922538671175415
604967588414483712,132.54821092591942,11.954496905972166
604967760213166336,132.5881120943107,11.976909251725784
604967858996581120,132.48002421329858,11.923787747134313
604967966371608576,132.53470099961413,11.948429636736568
604968103810569856,132.4859202538184,11.948121031923783
604968133874491392,132.46511326964736,11.944544784649546
604968172529056384,132.47713163170803,11.963616893035901
604968206888780032,132.49224929309224,11.961442825813242
604968236953708416,132.49919098954865,11.96588381821917
604968340033344000,132.5423235148023,11.95348727425854
604968408756601088,132.5298699449701,11.961630161626571
604968683630309632,132.5008523026558,11.982654830581104
604968752349766912,132.54139142811897,11.998307464479774
604968791005321216,132.54891875854213,12.00855482518845
604968928444252288,132.73209615790827,11.888112972189052
604968958508607360,132.6956497098899,11.892577640094693
604969031523465728,132.73331198291802,11.897759102166257
604969061587592064,132.75068511222275,11.908905633421682
604969061592133376,132.74169221230449,11.906326302521522
604969168962427904,132.69307431468172,11.90861761695279
604969168962428672,132.6952390787646,11.897948334774068
604969203322162816,132.70729070042316,11.906764677711687
604969203322163840,132.70041475145578,11.913238056840607
604969237681904896,132.69094495660391,11.91162192436606
604969237681908480,132.67362459875207,11.909045723062682
604969267746267520,132.68945182960164,11.922158709947395
604969267746269696,132.6899411065289,11.92656892677988
604969306401373952,132.71516220041153,11.91789048021685
604969336465748352,132.73183964095603,11.931684778797798
604969340761109760,132.72619900281427,11.92089776339947
604969439545076480,132.75126009608408,11.921086369886195
604969443840314496,132.76022063297353,11.922824361567
604969546919528576,132.756632930338,11.937858305556851
604969615638992896,132.7842035953019,11.950993443161954
604969615639180416,132.7880497367292,11.950087185911395
604969718719901696,132.73772546670352,11.947413963345179
604969748782357888,132.74677231164677,11.943561772184363
604969753077959936,132.74158506509167,11.9522271976595
604969787437701760,132.72941791593445,11.954398746269574
604969787437702784,132.72906070507685,11.94728459786854
604969787437705216,132.72659575297266,11.941396877125381
604969856157171584,132.75893373341583,11.948762163456319
604969924876649088,132.7430592409531,11.9707759649278
604969954941056384,132.76790653694113,11.976699223193862
604970058020251520,132.657881858191,11.926426267942668
604970062315630336,132.65453781915474,11.930893685427842
604970096675364352,132.67174700322008,11.93769599706798
604970131035099008,132.6899512364087,11.93425324859769
604970302833797376,132.65376316292657,11.945490359058583
604970371553272064,132.65214107048132,11.964012479141081
604970401617646848,132.67752987717122,11.95473512985625
604970435977387520,132.6784085990663,11.961279708578417
604970508992220288,132.66621243569736,11.975655771336866
604970676495561088,132.73103421130097,11.974141223219958
604970715150627456,132.74668636862296,11.982845183508752
604970783870102656,132.743675310748,11.99429276753183
604970783870102912,132.74145177645866,11.997449982172927
604970783870106624,132.73755716442255,11.987734514931494
604970921309068544,132.70170447577158,11.996349383850434
604970921309072640,132.68718079436167,11.996839455587498
604970990028535936,132.7266476726063,12.009142383338025
604970990028536320,132.72505431773607,12.01026187724462
604971020092675328,132.70285566126088,12.00252748114649
604971058748016384,132.7156526265943,12.006857876902394
604971088812177280,132.80405067046604,11.950244644503293
604971093107735040,132.80520753195376,11.964632713843104
604971093107738624,132.79707429137622,11.955884881008478
604971093107922432,132.80820865023236,11.959495023122205
604971127467656192,132.81909661912064,11.966110691612085
604971161827216640,132.78684197557288,11.964903792311576
604971191891639168,132.80092727081168,11.980893182288048
604971230545677824,132.81544481538307,11.977592643379271
604971264906413440,132.839547685253,11.984650561946603
604971367985645184,132.78309377063175,11.981478881756251
604971367985646720,132.77936117137014,11.976911588209155
604971402345380480,132.79426154888145,11.981576833105978
604971402345380736,132.79037517023778,11.987127079679214
604971402345381120,132.79034360399598,11.986013756183572
604971466769552128,132.77903655329845,11.995985845485437
604971471064858496,132.7825781787741,11.993158360225623
604971677223267072,132.85416402133188,12.000509549770792
604971745942742656,132.85155907813683,12.015751873123174
604971810366943104,132.8735763883459,12.022412792563507
604971844726417536,132.85040703899517,12.025164418496702
604971849020954624,132.85801292579802,12.026654590348105
604971917741440640,132.8281014611802,12.008986787460117
604972089540120832,132.85538541143225,12.049013154771263
604972089540122368,132.85192750514352,12.042043861938778
604972119604596224,132.83694118623,12.045596528938898
604972330058312448,132.78376461217343,12.018469006546416
604972360122759296,132.79275009161614,12.025423598946663
604972394482497280,132.77354268521415,12.025162997313473
604972394482498304,132.77652431097883,12.028031656746716
604972467497283200,132.731664843547,12.012281823796817
604972467498966400,132.74032321431204,12.011280480391266
604972944238043904,132.81040871678022,12.069069380406313
604973017253073536,132.78770532888203,12.050601436357928
604973085972551296,132.76953337602475,12.072005630471182
604973184756492544,132.8214074737383,12.080997803212608
604973562713585792,132.61190984230373,11.97914581789221
604973635728426752,132.58899532869188,11.985805860050379
604973979325779328,132.7021144477641,12.01504487536785
604974078109680000,132.6888153456002,12.034507419932638
604974078113845120,132.6931791383237,12.030105065692354
604974082404993920,132.69243758471842,12.032824569192268
604974284268110720,132.6818042014058,12.036247897244072
604974318628696320,132.66759062512344,12.046173296213189
604974322923167488,132.66817765209467,12.044008196478378
604974357282901504,132.67753031706644,12.052784525865373
604974490426100608,132.58029520907715,12.02208123587733
604974529083276800,132.5953170109158,12.015567993610116
604974597801096064,132.59218743635623,12.02423468522879
604974769599793152,132.56077413920346,12.029127200493146
604974907038740864,132.57784538823907,12.050677144410693
604975315059831168,132.60535496200546,12.07755477489859
604975383780541952,132.63705853625095,12.08519646428822
604975388075059072,132.63662608905813,12.08577384220325
604975388075060736,132.63401447134908,12.080816057900659
604975693017389952,132.71924163635845,12.060270030212644
604975796096306432,132.70254766416016,12.06147185251276
604975800391903744,132.70154034998882,12.064372783112873
604976208413473792,132.78885446758161,12.104687474399176
604976315787962240,132.7382900632234,12.093446547743225
604976418867174528,132.74134665055954,12.105519412847636
604976453226906880,132.76117470890284,12.111020130899298
604976625025624960,132.68661174502728,12.086607014774998
604976625025626624,132.6805027939342,12.089180403247363
604976762464567680,132.71458864630668,12.101029936246174
604977071702225280,132.66003698019784,12.122141766313215
604977071702226048,132.66313460106923,12.114539815353654
604977071702226688,132.6613272946694,12.115154439231562
604977106061961984,132.66038916287926,12.129373861086643
604977140421685760,132.71947660391106,12.110174136393763
604977209141167104,132.7005455012815,12.118742071774262
604977239205631360,132.71760461576855,12.12546225220236
604977312220363776,132.7484638079749,12.141044184778561
604977552738539776,132.71883452949578,12.149087565248232
604977587098272768,132.7334683384659,12.157997828007328
604977999415233536,132.34911216427352,11.91021527411009
604978858408693888,132.31035626317495,11.935515203167402
604979987984213632,132.44905831010325,11.980702618949046
604980056703710336,132.48735011569116,11.99043194969408
604980198438477952,132.44054460958506,11.979240621458901
604981087495865216,132.40258672845437,12.012351924998965
604981259294556800,132.3791233407348,12.01190396018197
604981607187745792,132.4381456715036,12.04085004079514
604981847705911680,132.44229787610752,12.058355801192642
604982358806160896,132.25576488293478,11.982954171781554
604982358806179456,132.2598929887121,11.9770518252527
604982736763369856,132.31234377748487,12.014215445674784
604982805482785152,132.35556390858383,12.020882554613458
604982809778600064,132.34634525588805,12.026931286233824
604983733195724800,132.2775405355968,12.040984744351206
604984111152908672,132.2573863482018,12.076894726699528
604984420390494976,132.37968536430475,12.055500847272356
604984935786576896,132.41211996093799,12.090686662169157
604986520630313984,132.55735519708253,12.045963972322348
604986585054069760,132.53900249318855,12.05275583250508
604987070386114688,132.59406939106276,12.086272823632097
604987139105593344,132.57923046269298,12.097319968099994
604987310904290176,132.5635394262583,12.085002122225022
604987547126699264,132.5824648553664,12.133515616673145
604987826300371712,132.51798263796815,12.109812763285479
604988204257490176,132.5340629377637,12.116131767329408
604988376056169088,132.56448087840616,12.15443659256862
604988612278594048,132.52734059714447,12.156247259452657
604988685293803520,132.6324919707803,12.112125029914116
604988784077232384,132.62443059671952,12.135267788354575
604989372488540416,132.69592754536365,12.170191041429607
604989406848278016,132.69518472475463,12.178188692030876
604989441208017920,132.68986180847463,12.177706325967653
604989643070752896,132.66686811418964,12.185244719481656
604990197122292224,132.5811426945976,12.19210681144895
604990368920963456,132.64419962435704,12.199678541947588
604991330993688576,132.4635231847188,12.164991778447138
604991842094009984,132.49126489970902,12.190470443187058
604992327426113536,132.37310895848267,12.184540211631465
604993598736391040,132.54835027241114,12.242671525181693
604993667455856896,132.59496614484243,12.226978229164565
604993770536754432,132.60898670440966,12.243849007939017
604993869318584960,132.60528663909236,12.26474909030767
604994079772706688,132.59875854233152,12.27449155640663
604994556519360256,132.4799819294597,12.263056844026417
604995003189952512,132.5142068389112,12.276401656237912
604995248003823488,132.53184387989234,12.32180640891997
604995278068254208,132.8898167584053,12.036629509539713
604995316723249408,132.90153360802452,12.047782660935871
604995415507212416,132.90269498825973,12.053764354533875
604995419802460288,132.90556785469846,12.055400688224605
604995518586430336,132.9138105361569,12.071864690189045
604995522881670272,132.9177769757598,12.0735604013512
604995660320634880,132.8780950154636,12.071120583145962
604995900838790016,132.9257779792308,12.075892952987816
604996106997219712,132.9155928047227,12.097725883315768
604996106997220480,132.91637883552443,12.090694773518592
604996106997222912,132.9092360349069,12.085434056736943
604996347515377792,132.93715104303715,12.136441724235725
604996583742879616,132.84774937475032,12.101089331949273
604996588033758208,132.85952027334997,12.1060701967348
604996618098066432,132.8777599617506,12.111398538649647
604996622395017472,132.86643007328965,12.114050324756976
604996725474241280,132.81775571678972,12.106822578870824
604996862911478912,132.8379628701215,12.127115587643571
604996897271215104,132.8462328592039,12.131621748002345
604996927335710080,132.89378200580285,12.10415688412889
604997034710156672,132.88701498512503,12.135992271809041
604997172149101312,132.91766143197816,12.147584736759962
604997206508853632,132.86812383948373,12.127381544528468
604997240868589824,132.87190036019297,12.139496972265196
604997309588066304,132.86637051808708,12.151879082818017
604998237300962048,133.04138765851178,12.175292735862243
604998404803662080,133.00561220254997,12.186138688368146
604998477819129600,133.03224086711236,12.202288174681257
604998610962272256,132.94855983008787,12.152814395810138
604999165013904000,132.99342037957044,12.196404335838384
604999165013904640,132.98784146642998,12.197714374301501
604999401236189696,132.94954270066413,12.206168430542812
604999439891812736,132.97056980497067,12.211257469953397
604999779194000640,132.8050919226438,12.124731691964321
604999852208716800,132.83487498904432,12.133416489781947
604999882273217152,132.81470177695323,12.130546736287656
604999886568459136,132.80993067712828,12.138195132778078
604999886568459392,132.81004367764095,12.135903849731417
605000024007420416,132.76823575866436,12.140145801880488
605000058367154176,132.7860555957405,12.145659005648666
605000401964512896,132.8788428100421,12.180299612210078
605000401964514048,132.8744586014773,12.17799923309048
605000573763220224,132.8171027625745,12.181488472940808
605000642482686848,132.84946591980417,12.184094403039495
605000711202166400,132.82999557095042,12.194485480571627
605000745561898240,132.85116287443708,12.211035306171157
605000779921664640,132.76138934820767,12.151085777200095
605000844345896960,132.75308341969398,12.162315071742677
605000848641142400,132.74744936705844,12.16517940706824
605001054799578240,132.7272462496178,12.167618977006166
605001329677769088,132.80217308542797,12.188140147110735
605001462821192960,132.8325510999409,12.205811467944049
605001879433257216,132.89681036587024,12.184735276333067
605002016872204416,132.91537281002013,12.203017014233032
605002051231938304,132.92655177811244,12.212272994718814
605002600987738496,132.97263375394067,12.251359905055606
605002802850299264,132.91477182316592,12.258054301156239
605002978944893056,132.83679108719633,12.224828634088688
605003013304624128,132.8625656943096,12.235741810534659
605004387694123136,133.05859253999216,12.212282681852493
605005379830679040,133.03447930843018,12.260243907440728
605005418486269440,133.04637790528653,12.270709115617677
605005418486272896,133.0341025006438,12.262896281515953
605005620348847488,133.03348490692423,12.265731208476936
605006208760245632,133.05467733937374,12.304614128793592
605007097817613824,133.18225641664887,12.318282251142495
605007372695518336,133.11177027252845,12.309636858596127
605007651869248640,133.08463363916218,12.320384447239446
605007720588726272,133.07215068791066,12.334044782721568
605008132905575040,133.1561177948454,12.368774052855356
605008884523860864,132.98188174877788,12.299260073253157
605009949676900352,132.91088699683638,12.337297328829862
605010877389843968,133.07489223070593,12.374150349395164
605011019123613568,133.02895055729795,12.37091167025265
605012049915766272,133.0091147350876,12.395593153055554
605012148700169600,133.006573811939,12.414643581244398
605013145137827072,132.68813722893813,12.209024053004764
605013767903055616,132.72636286003353,12.259465576886152
605014141564219776,132.70078322524617,12.250131224205603
605014214579367424,132.69074757237448,12.256047042158224
605015279731223552,132.81963149306867,12.295937932939838
605015309794935552,132.83369483278867,12.302883758277034
605015412874544896,132.76834641335225,12.29011739390489
605016241803910016,132.74841102359377,12.315195632964281
605016241803914368,132.74152289647643,12.30891535242155
605016447962343680,132.73737013280152,12.318796690639148
605017787992165888,132.62254678758345,12.317816976978435
605017925431108736,132.66759407690654,12.31649643811456
605018578266152192,132.59908737391387,12.332983997910661
605018677049607552,132.56754786691488,12.326183959617865
605019093662207360,132.66350633906393,12.3686796974833
605019162381687680,132.6399830486874,12.376908788562389
605019742202403840,132.68732012186442,12.35923980493002
605020330612762624,132.75062714380596,12.411926645945154
605020433691976832,132.7505706910554,12.414834239937042
605022186038605568,132.90010078622248,12.396419611995645
605022525341141632,132.92163609341358,12.40909328057823
605025037896878976,132.9223980973352,12.456817084563033
605025209695559936,132.95423442273318,12.488175979140877
605025381494256640,132.93465746243936,12.486684861164111
605025480278667392,132.93790361961254,12.51051087172887
605025548998116480,132.98763815729478,12.497662855226482
605026717229352576,132.84025231599534,12.474692249892978
605027266985143808,132.75607215935938,12.479248025286767
605027924114914304,132.81069771195368,12.5239884816979
605028611309675136,132.8567034620836,12.515925778065787
605029019331817472,132.9486948895144,12.562107471217235
605031046555116800,133.64987259238768,12.089256392057333
605032047283121152,133.54487226531816,12.121161754741314
605033559111601152,133.69172196492883,12.183095597192391
605035066644502272,133.51116967776989,12.134501159706058
605035655055647744,133.56505921953416,12.183443568020923
605036720207538048,133.51906713516706,12.222021964806402
605036784631420160,133.480110385307,12.209548906497394
605038644352883456,133.54408336288182,12.277117989899391
605044210630491776,133.72058296662317,12.298062820772177
605048162000417920,133.41450793305387,12.206452556879686
605048333799048320,133.39353567506555,12.205237128965551
605048844899585152,133.4900893784005,12.262759736287878
605049875691779456,133.44745298023602,12.290306319661832
605053071147453184,133.3650459529871,12.307366572211576
605054548616296192,133.35030319826978,12.388761692857752
605057537913587584,133.65440754559177,12.40035383585957
605064478580808064,133.63023709225448,12.581906632583513
605064895192901120,133.51308034233074,12.564563472676355
605072381321000448,133.96087168069727,12.508148390461168
605084819545922048,133.70860803030044,12.581145265376206
605086507468280192,133.9068330370441,12.661335755874061
605091249112193408,133.71060887136406,12.710448887511525
605096776734766208,133.8246859003739,12.752612106134478
605101002982830336,133.27313286622447,12.366386316451804
605102106789598464,133.2333816465905,12.402262333510182
605103103221999488,133.30893267255658,12.425769984422375
605103721697276288,133.386944533722,12.471759757133247
605104821208904320,133.35745309389537,12.512187204784276
605106672339480576,133.07655622666528,12.475211542835092
605107741786682368,133.22649659241665,12.52549812109607
605107810506158848,133.22156312901384,12.533795961848837
605117156354956928,133.43482211427175,12.71788269686058
605119694680355072,133.05355303524223,12.564901049066346
605122134221817728,133.10705946940547,12.649316002959432
605123920928916736,132.9374844754369,12.608161321015901
605123993942814976,132.9174291317755,12.619173733386221
605126600988514432,133.0127031034387,12.7255750086116
605130552357764736,133.2971997319643,12.769496007608195
605132137200805888,133.15461746601574,12.78494856847444
605136324793633280,133.5761575471168,12.672141848562639
605149626307670784,133.68140246788738,12.91343373919037
605161063805243008,133.4475407053459,13.014273502535957
607987397099772160,132.11104787061117,12.107284908012613
607987427163771520,132.12230292728867,12.10980570704204
607989355604856192,132.23286429092698,12.161909089878375
607992478045339136,132.0874735491436,12.235831568958485
607992856002457600,132.17749167594212,12.222883015657347
607994986306236928,132.3802563878231,12.223900296228464
607996261912222464,132.3191148908406,12.27127018730751
607997632006122112,132.52232848693984,12.324827057491728
607997911179702656,132.4933329150003,12.340101344603193
607998044323001088,132.4072098548995,12.305358251570677
607998907612059264,132.43353737660084,12.36795226136528
607999835325007872,132.34522115734563,12.315634277464232
608000041483441920,132.28407096886014,12.334845841047375
608001003556114688,132.2870000722157,12.363135501782256
608001892613736576,132.41359409342803,12.375296852457408
608001896909298816,132.41046793321013,12.375606066640295
608002408009810176,132.41577782538715,12.435147489034115
608007738064851584,132.07429849994517,12.369348978626032
608007905568011520,132.09091078400695,12.396939873357619
608013579220366336,132.16473061268618,12.399182743120988
608017251416887040,132.10028078934263,12.475261032755926
608021516319899648,132.51625209702618,12.382651203672166
608022267938647296,132.49927856407317,12.390549260178888
608022718910742656,132.48749828911136,12.425872167540321
608022959428902272,132.57063017012504,12.450378650713136
608024333818424448,132.68854656056945,12.498340111504243
608025605128768000,132.4457215016175,12.427661266294718
608025776927457024,132.47185525874738,12.461012142263218
608027151316994048,132.40283886232916,12.514834827301692
608027215741029888,132.45811715203607,12.501381748611642
608028010310445056,132.51958257291483,12.50944417512356
608035152841386240,132.65821514184228,12.62497933359121
608035840036168576,132.58502623541443,12.65172064145666
608037527958061056,132.77281178085627,12.728483376897252
608038146433350912,132.67646320802268,12.741358836377199
608038764908563968,132.3739824671725,12.50217823605656
608038794972858880,132.35712091857457,12.498312524830515
608038966771583104,132.37783608411323,12.533132520982113
608039035491044864,132.35778569365198,12.521196882102663
608039138570280064,132.3671773545816,12.535769012900397
608039379088464768,132.39897211651984,12.550820193835609
608040066283246464,132.338464962912,12.562066463485436
608047419267395456,132.3672340641052,12.770179469444662
608059621269798528,131.88303248973727,12.457845517888932
608063881877264256,131.87476269838328,12.567519811379393
608064702215690240,131.85550150878404,12.594042144144852
608066385842841600,131.99982410958333,12.567535121388552
608068623521152384,132.07187393741197,12.637172292854492
608071917760548352,132.01913427579498,12.676663991418177
608073807546462720,132.03020172495576,12.772404312861903
608076865563100928,131.80061626306326,12.635873410317567
608094595188185344,132.2892293518623,12.793305272009906
608104392008762368,132.46664968633345,12.992027324776668
608111298316195840,132.09618436277495,12.872408673332073
608127855415105536,132.8331401950133,12.686037579916519
608134525499340032,132.86977053508875,12.85768673146993
608145756838766208,132.6577936563264,12.874870581658806
608148402538707072,132.7755928103491,12.965624288522898
608150880734809088,132.7209431672501,12.949595765223863
608152903664513280,132.694832966039,13.069827311127895
608154449852709120,132.82073525714557,13.014281732919937
608157714027884672,132.82392732617515,13.0684548573277
608211624457512448,132.55690167607838,13.232723390877005
608215167805240192,132.36230280739207,13.166965422006937
608233653344443008,132.8290042224158,13.322543050058407
608278080487028480,131.66665691452414,12.898826699459839
608278767681794816,131.70862540283247,12.90174359868188
608303231815505920,131.86776621474615,13.00253015791639
