Name,ID,GaiaDR3,inrt,Prob,RA_ICRS,DE_ICRS,RA_ICRS,DE_ICRS
"Melotte_25",4424,11771719380131328,0,0.24532316,52.96430982,8.95858728,52.96430982333,8.95858727948
"Melotte_25",4424,38354680725946240,0,0.3932407,58.75660281,12.48554076,58.75660281,12.48554075907
"Melotte_25",4424,38670343642226816,0,0.42271809,58.44439928,13.39192481,58.44439927954,13.39192481012
"Melotte_25",4424,38929141191925760,1,0.60345234,60.18788343,13.90626144,60.1878834349,13.9062614357
"Melotte_25",4424,39163474607448192,1,0.56553663,60.24846451,14.34586486,60.24846451095,14.34586486147
"Melotte_25",4424,40010820115615360,0,0.27916271,59.3435342,14.97244552,59.34353419675,14.97244552349
"Melotte_25",4424,40470720915966208,1,0.50759621,58.72237234,16.31552083,58.72237234099,16.31552082894
"Melotte_25",4424,42947680095257344,0,0.25805172,56.74918098,15.40457899,56.74918097647,15.40457898539
"Melotte_25",4424,43538293935879680,0,0.49871253,58.7777751,16.99836889,58.77777509782,16.99836888503
"Melotte_25",4424,43789772861265792,1,0.51876057,57.60462004,17.24640938,57.60462004192,17.24640938414
"Melotte_25",4424,44052178182130816,0,0.36627833,55.51918508,16.42165182,55.51918507808,16.42165182132
"Melotte_25",4424,44894472808190720,0,0.43073184,55.4819398,18.75980925,55.48193979938,18.75980924518
"Melotte_25",4424,45159901786885632,1,0.71539634,61.75568096,15.33494143,61.7556809615,15.33494142617
"Melotte_25",4424,45293526808851200,1,0.69784454,62.86573746,15.99206481,62.86573746488,15.99206481231
"Melotte_25",4424,45367056650753280,1,0.71279872,61.56774807,15.69803286,61.56774806807,15.69803286213
"Melotte_25",4424,45567511362945152,1,0.67903774,61.93056278,16.51867915,61.93056278229,16.51867914557
"Melotte_25",4424,45679386670867584,0,0.44346257,63.0912686,16.25080757,63.09126859925,16.25080756681
"Melotte_25",4424,45770783575075968,1,0.99549716,63.89569437,16.76228774,63.8956943695,16.76228774408
"Melotte_25",4424,45788547559850496,1,1.0,64.41279837,16.94772397,64.41279837487,16.94772397451
"Melotte_25",4424,45845378567048320,1,0.89124257,64.00659616,16.9829642,64.00659615536,16.98296420389
"Melotte_25",4424,45968901826385024,1,0.56121779,62.0468944,16.8729573,62.04689440191,16.87295729911
"Melotte_25",4424,46056862756712320,0,0.26922074,63.63096423,17.33957606,63.63096422746,17.33957605806
"Melotte_25",4424,46106581298385280,1,0.55226693,63.03229574,17.62601324,63.03229573837,17.62601323995
"Melotte_25",4424,46458115782368384,1,0.63968581,59.81320822,16.66430695,59.81320822011,16.66430695266
"Melotte_25",4424,46498282316394240,0,0.25763763,59.92594337,16.94063333,59.92594336937,16.94063332709
"Melotte_25",4424,46975436002187136,1,0.6106616,62.677081,18.42311655,62.67708099719,18.42311654706
"Melotte_25",4424,47019347749289216,1,0.59870455,61.41591188,17.93759007,61.41591188182,17.93759007273
"Melotte_25",4424,47068207297219584,1,0.52410986,61.5100426,18.25075677,61.51004260454,18.25075677203
"Melotte_25",4424,47109438983082496,1,0.67775128,60.72188036,18.40717598,60.72188035527,18.4071759849
"Melotte_25",4424,47319858019739264,0,0.26674091,64.59216619,17.42141528,64.59216618931,17.42141527574
"Melotte_25",4424,47319961098840192,1,0.90548398,64.53807309,17.41613014,64.53807309193,17.41613013891
"Melotte_25",4424,47345009348203392,1,0.96924763,64.78389361,17.52463051,64.78389360834,17.52463051305
"Melotte_25",4424,47485609397541632,1,0.76248211,65.66541825,18.26917946,65.66541825181,18.26917946071
"Melotte_25",4424,47541100375011968,1,0.91359113,65.38496943,18.41744025,65.38496942726,18.41744025238
"Melotte_25",4424,47620265212420096,1,0.97885564,64.50818561,18.25666556,64.50818560843,18.25666555567
"Melotte_25",4424,47715063730746880,1,0.97352635,64.64158212,18.36458359,64.64158211987,18.36458359058
"Melotte_25",4424,47729215646206080,1,0.97885564,64.46150286,18.47505354,64.46150286123,18.47505354496
"Melotte_25",4424,47752481485851136,1,0.54544883,65.1051418,18.74248854,65.10514180468,18.74248853644
"Melotte_25",4424,47760521664503296,1,0.65661593,65.11560537,18.89705577,65.11560537191,18.89705576636
"Melotte_25",4424,47803952373768960,1,0.74506713,64.01545924,18.85907583,64.01545924156,18.85907582958
"Melotte_25",4424,47804394753757056,1,0.64768104,64.05523411,18.88436234,64.05523411213,18.88436233698
"Melotte_25",4424,47813504381625088,1,0.92524361,64.35533003,19.02977586,64.35533003429,19.02977586059
"Melotte_25",4424,47917511308704128,0,0.3989648,66.42470185,19.01309758,66.42470185058,19.01309757742
"Melotte_25",4424,47917816253918720,1,0.58582789,66.31113668,18.97345597,66.31113667577,18.97345597293
"Melotte_25",4424,47959705067457152,0,0.45477189,66.12800628,18.98678698,66.12800628156,18.98678698271
"Melotte_25",4424,47965443143743488,1,0.74622236,66.23851281,19.04185484,66.23851281427,19.04185483626
"Melotte_25",4424,48000730596272128,1,0.51085571,66.98692335,19.06069583,66.98692335284,19.06069583093
"Melotte_25",4424,48026706558487040,1,0.9518281,67.15467371,19.18027332,67.15467370963,19.18027331731
"Melotte_25",4424,48048902948906368,1,0.64413573,66.90245867,19.44576744,66.90245867179,19.44576744129
"Melotte_25",4424,48061409893621248,1,0.76226538,67.15555279,19.7405199,67.15555278723,19.74051990049
"Melotte_25",4424,48197783694869760,0,0.45262125,65.84566931,19.65853135,65.84566930783,19.65853135057
"Melotte_25",4424,48203487411427456,1,0.94444849,65.05456696,19.23332103,65.05456696075,19.23332102777
"Melotte_25",4424,48455894049191424,1,0.86345736,63.62480502,18.72988135,63.62480502361,18.72988134695
"Melotte_25",4424,48482454126911360,1,0.70827262,63.68892769,19.06383619,63.68892769221,19.06383619142
"Melotte_25",4424,48509186003340416,1,0.68641514,62.77605962,18.92896363,62.77605961674,18.92896362862
"Melotte_25",4424,48977371798954368,1,0.79508281,64.76349609,19.54416508,64.76349608729,19.54416507668
"Melotte_25",4424,49005581144118784,1,0.81960022,64.74209417,19.90653885,64.74209416547,19.90653885437
"Melotte_25",4424,49124190961270656,0,0.48054781,65.41026272,20.30260722,65.41026272327,20.30260722477
"Melotte_25",4424,49157794785448192,1,0.75267542,65.67911799,20.56998136,65.67911798706,20.56998136359
"Melotte_25",4424,49231668222673920,1,0.88546913,65.38237015,21.03971713,65.38237014651,21.03971713387
"Melotte_25",4424,49365087086285184,1,0.64311561,63.92734123,20.81964122,63.92734123437,20.81964121824
"Melotte_25",4424,49448512531551616,0,0.47300015,65.12288816,21.37854595,65.12288815971,21.37854594964
"Melotte_25",4424,49510566218944768,0,0.35598854,64.5971407,21.57914659,64.59714069539,21.57914659027
"Melotte_25",4424,49520255665123328,1,0.76677365,64.87462538,21.75371096,64.87462537982,21.753710964
"Melotte_25",4424,49968306654050944,1,0.61403626,58.98887226,18.43214639,58.98887225769,18.43214639123
"Melotte_25",4424,50298125783225088,1,0.60382628,61.35753569,19.44200665,61.35753568749,19.44200665088
"Melotte_25",4424,50327297200978176,1,0.54923286,60.91324438,19.45486431,60.91324437951,19.45486430706
"Melotte_25",4424,50427387118457984,1,0.51778433,60.06551762,19.40999978,60.06551761889,19.4099997792
"Melotte_25",4424,50756415973201152,0,0.25839642,57.27308196,18.83772335,57.27308195699,18.83772334741
"Melotte_25",4424,50756411675761920,0,0.26649147,57.2756656,18.83656157,57.27566560451,18.83656156638
"Melotte_25",4424,51383893515451392,1,0.56618373,59.80698463,20.42804406,59.80698463009,20.42804405661
"Melotte_25",4424,51902691204229888,0,0.35288099,61.76434253,20.28059824,61.76434252937,20.28059823754
"Melotte_25",4424,51995909173956352,1,0.5248367,63.01466902,20.8311403,63.01466901828,20.83114030283
"Melotte_25",4424,52040233236358784,0,0.26429242,62.64103643,20.86079154,62.64103643042,20.86079154177
"Melotte_25",4424,52548241968465408,1,0.5736622,64.13999162,21.90729683,64.13999161938,21.90729683162
"Melotte_25",4424,52798209065854848,1,0.59773254,63.19791279,22.39066714,63.19791278752,22.39066713837
"Melotte_25",4424,52813464789648256,0,0.36281496,63.62719025,22.45172481,63.62719024638,22.45172480761
"Melotte_25",4424,53257461329357312,0,0.48378642,59.80982758,22.0436615,59.80982758359,22.04366150395
"Melotte_25",4424,53725750202606208,1,0.55686355,62.16788239,23.5571262,62.16788238864,23.55712619669
"Melotte_25",4424,53825771402706304,0,0.48896306,61.58813697,23.42404803,61.58813697349,23.42404803494
"Melotte_25",4424,53942250914697472,0,0.49909328,62.15145861,23.76841875,62.15145861479,23.76841875065
"Melotte_25",4424,56447037184877824,0,0.36602193,54.39205181,17.8499985,54.39205181371,17.84999849974
"Melotte_25",4424,56447041481918720,0,0.41020944,54.38973926,17.85390743,54.389739255,17.85390743242
"Melotte_25",4424,57406365376348928,0,0.41794642,54.78058965,20.42390954,54.78058964534,20.42390953865
"Melotte_25",4424,57890528450770560,0,0.29232296,52.63083565,20.09842483,52.6308356469,20.09842482899
"Melotte_25",4424,60096629810337024,0,0.26757291,46.39928987,19.56850173,46.39928986635,19.56850173333
"Melotte_25",4424,64552022725337856,0,0.3890477,53.54488888,22.07239341,53.54488887836,22.07239341106
"Melotte_25",4424,65103668325506560,0,0.43212115,55.40452857,23.34352626,55.40452856678,23.34352626218
"Melotte_25",4424,65502206932420224,1,0.50392035,59.86151989,23.38525106,59.86151989101,23.3852510555
"Melotte_25",4424,66286704180780672,0,0.3609416,59.72781584,25.2196021,59.72781584026,25.21960209665
"Melotte_25",4424,66482352830035840,0,0.4101134,57.76372087,23.90343718,57.76372086866,23.90343718252
"Melotte_25",4424,66556672943906432,0,0.40459837,57.43105394,24.31770804,57.43105393746,24.3177080376
"Melotte_25",4424,67351757289092224,0,0.31915709,58.17156507,25.80420858,58.17156507412,25.80420858082
"Melotte_25",4424,67696694700442624,0,0.43212115,54.13100333,22.78228664,54.13100332615,22.78228663689
"Melotte_25",4424,68001499939741440,0,0.35372267,53.20944929,23.69201167,53.20944929038,23.69201167495
"Melotte_25",4424,70298895126196864,0,0.30640001,55.89881698,26.35839861,55.89881697747,26.35839860697
"Melotte_25",4424,110348743606461312,0,0.27803801,47.98613115,22.30213399,47.98613115458,22.30213399357
"Melotte_25",4424,110475771559046912,0,0.27099055,47.69399439,23.14754387,47.69399439443,23.14754387133
"Melotte_25",4424,117654650480415744,0,0.27388124,50.61835268,27.15576675,50.61835267537,27.1557667506
"Melotte_25",4424,118234509720825856,0,0.31696783,49.34619037,26.31481157,49.34619036503,26.31481157485
"Melotte_25",4424,125343573948444800,0,0.2733147,48.26261673,32.8961738,48.26261672917,32.89617379772
"Melotte_25",4424,125343608307015296,0,0.25405209,48.26597664,32.89703251,48.26597663877,32.89703250878
"Melotte_25",4424,140340019198719232,0,0.26688285,44.17299861,35.37599071,44.17299860878,35.37599070842
"Melotte_25",4424,144130516816579200,1,0.50120866,67.57532737,19.84041406,67.5753273692,19.84041406013
"Melotte_25",4424,144171233106399104,1,0.7298003,67.81589658,20.1329946,67.81589657872,20.13299459879
"Melotte_25",4424,144377803854541184,1,0.66241314,68.40543499,21.15064523,68.40543499042,21.15064523403
"Melotte_25",4424,144534724778235392,1,0.74280509,66.6989688,21.23471643,66.69896880208,21.23471643479
"Melotte_25",4424,144663157183364864,1,0.68349793,67.40635911,21.66843692,67.40635910633,21.66843692212
"Melotte_25",4424,145218857232329472,1,0.66323117,69.15895812,23.04174943,69.15895811625,23.04174942608
"Melotte_25",4424,145264388183013760,0,0.37134717,65.79785382,21.05876947,65.79785381872,21.05876947037
"Melotte_25",4424,145293181643038336,1,0.77632522,66.57757082,21.47026212,66.57757082392,21.47026212317
"Melotte_25",4424,145325548516513280,1,0.70478724,65.84351592,21.37892943,65.84351591714,21.37892942768
"Melotte_25",4424,145373377272257664,1,0.73975777,66.06128543,21.73604225,66.06128542554,21.73604224563
"Melotte_25",4424,145391484855481344,1,0.65420374,67.00372586,21.61971567,67.00372585557,21.6197156716
"Melotte_25",4424,145484634106814592,1,0.6686912,66.35476961,22.19979147,66.35476960697,22.19979147131
"Melotte_25",4424,145664777917536512,1,0.8563252,66.03147802,22.11867271,66.03147802349,22.11867270789
"Melotte_25",4424,145668974102570624,1,0.69966951,65.98973921,22.18137709,65.98973921339,22.18137709234
"Melotte_25",4424,145674574739951872,1,0.75589143,66.34285324,22.29367359,66.34285323849,22.29367359329
"Melotte_25",4424,145727729255780736,1,0.76706036,66.57745017,22.81337543,66.57745017375,22.81337543021
"Melotte_25",4424,145784835140102016,1,0.6697231,66.32628208,23.0606244,66.32628208468,23.06062440337
"Melotte_25",4424,145858674218113280,0,0.46759077,67.6879353,22.629903,67.68793529777,22.62990299979
"Melotte_25",4424,145916050683920128,0,0.4816767,67.41287399,22.88256246,67.41287398556,22.88256246495
"Melotte_25",4424,145919658456448128,1,0.56640874,67.65959163,22.9078148,67.65959162711,22.90781480152
"Melotte_25",4424,146057617101593856,0,0.30820083,68.27141408,23.55481969,68.2714140781,23.55481968968
"Melotte_25",4424,146160558879786624,1,0.63828102,66.3339521,23.10848136,66.3339521036,23.10848135731
"Melotte_25",4424,146592838746224384,1,0.59740927,70.71776953,23.3393871,70.71776953178,23.33938710378
"Melotte_25",4424,146677879098433152,1,0.57347803,69.71422713,23.14973232,69.71422712831,23.14973232448
"Melotte_25",4424,146687018788948224,1,0.5657492,69.98842304,23.13763655,69.98842303883,23.13763655339
"Melotte_25",4424,146698078328904064,0,0.43428868,70.02471341,23.30437506,70.02471340595,23.30437505989
"Melotte_25",4424,146740207663868032,0,0.47129893,69.12192707,23.34062117,69.12192707015,23.34062116551
"Melotte_25",4424,146821331005982336,0,0.24044487,70.20474448,23.8094067,70.20474448193,23.80940670138
"Melotte_25",4424,146989143968434688,1,0.61305788,71.7910892,24.01981167,71.79108920329,24.01981167333
"Melotte_25",4424,147022541634235392,1,0.61747887,71.13218528,23.94086897,71.13218528455,23.94086897335
"Melotte_25",4424,147182172683187712,1,0.5840972,72.30452288,24.80260492,72.30452287631,24.80260492323
"Melotte_25",4424,147232651433766528,1,0.59796498,70.85359729,24.29644102,70.85359728998,24.29644101782
"Melotte_25",4424,147469115153030528,0,0.4578136,71.98251558,25.5795187,71.98251558116,25.5795187014
"Melotte_25",4424,147586247500686336,1,0.54915975,68.34964552,23.99056756,68.34964551577,23.99056755928
"Melotte_25",4424,147877549363243520,1,0.51121924,67.73289168,24.8379052,67.73289168285,24.83790520061
"Melotte_25",4424,147933315219119488,0,0.26697788,68.76413339,24.85383558,68.7641333891,24.85383557557
"Melotte_25",4424,148183866430358016,0,0.48856483,70.03893678,25.592119,70.03893677889,25.59211899717
"Melotte_25",4424,148184656704340352,0,0.45513536,70.02873475,25.61240003,70.02873475341,25.61240003354
"Melotte_25",4424,148709810947139968,0,0.25460455,64.27920128,22.6731228,64.27920127631,22.67312280103
"Melotte_25",4424,148867315986268672,1,0.57364512,65.48339585,23.41804933,65.48339584626,23.4180493311
"Melotte_25",4424,148946068508277888,1,0.52494128,64.54541929,23.28448451,64.54541928619,23.28448451127
"Melotte_25",4424,149005270337201792,1,0.58863858,63.63522486,23.57472992,63.63522486408,23.57472991647
"Melotte_25",4424,149313099234711680,1,0.56591448,65.87712191,24.40521877,65.87712191462,24.40521876986
"Melotte_25",4424,149327461604162688,1,0.6697231,66.76358969,24.10416451,66.76358969231,24.10416450594
"Melotte_25",4424,149476479789791488,1,0.61587273,65.47176263,24.24028543,65.47176262967,24.24028542668
"Melotte_25",4424,149543000243089024,1,0.51140295,65.25317818,24.51860701,65.25317818282,24.5186070066
"Melotte_25",4424,149767987808179968,0,0.33761847,62.98472617,23.63472253,62.98472617201,23.63472253338
"Melotte_25",4424,149767987810042624,0,0.39774635,62.98498427,23.63610634,62.98498427269,23.63610634025
"Melotte_25",4424,151222023217990016,0,0.2543129,67.16628977,26.2199152,67.16628977093,26.21991520465
"Melotte_25",4424,151312419393052032,0,0.44827416,67.29629284,26.24650819,67.29629284166,26.2465081864
"Melotte_25",4424,151319978535712896,0,0.34543012,67.57141394,26.3737385,67.57141393737,26.37373849838
"Melotte_25",4424,151374477375986176,0,0.3868683,67.40147853,26.57294567,67.40147852974,26.57294566532
"Melotte_25",4424,151379150300399360,0,0.30349947,67.37860273,26.67133315,67.37860272656,26.67133315438
"Melotte_25",4424,153095487952024832,0,0.25551459,67.51191742,29.59005616,67.51191741975,29.59005616312
"Melotte_25",4424,154422804645274368,0,0.30505831,72.49203132,27.20989796,72.49203132497,27.20989795905
"Melotte_25",4424,161579693332517376,0,0.24550147,73.38902382,33.19760227,73.3890238208,33.19760227239
"Melotte_25",4424,162451438553941504,0,0.28835729,61.4982209,25.78811975,61.49822090428,25.78811975367
"Melotte_25",4424,163088669962417920,0,0.28446452,62.73721345,27.48724709,62.73721344536,27.48724708869
"Melotte_25",4424,163630252456494464,0,0.24681979,59.17227324,27.29951927,59.17227324212,27.29951927036
"Melotte_25",4424,166155315270075008,0,0.46222226,64.3805915,30.69874958,64.38059149935,30.6987495817
"Melotte_25",4424,168633305241171200,0,0.32148521,58.40381864,31.20644835,58.40381864234,31.2064483504
"Melotte_25",4424,168774798644094592,0,0.28446452,59.13856783,31.9566058,59.1385678289,31.95660580094
"Melotte_25",4424,170457601190857728,0,0.24032435,60.28192488,33.1957907,60.28192487777,33.19579069887
"Melotte_25",4424,170712584810347904,0,0.27185455,61.87952735,34.09086343,61.87952735485,34.09086342835
"Melotte_25",4424,219089447164186368,0,0.24212073,60.08576312,35.14382392,60.08576311849,35.14382392445
"Melotte_25",4424,220132711900103168,0,0.25504332,58.90401014,35.98138205,58.9040101353,35.98138204977
"Melotte_25",4424,220171263526401408,0,0.27492972,59.19480115,36.41115627,59.19480115434,36.41115627311
"Melotte_25",4424,226457721257554304,0,0.29039344,61.43760377,38.24780691,61.43760377442,38.24780691162
"Melotte_25",4424,681262184870331776,0,0.23890288,118.89873545,23.93921694,118.89873544894,23.93921694357
"Melotte_25",4424,2951433527889221248,0,0.24136613,97.01525512,-14.08793126,97.01525512449,-14.08793125927
"Melotte_25",4424,2951798192092949760,0,0.25089193,99.05625051,-13.09729592,99.05625051035,-13.09729592363
"Melotte_25",4424,2952236931591971968,0,0.24149352,101.13095843,-13.50805555,101.13095842656,-13.50805554746
"Melotte_25",4424,2952623478649142400,0,0.25383493,100.78218066,-12.61967733,100.78218065514,-12.61967733321
"Melotte_25",4424,2953366061314404736,0,0.25276524,99.70856585,-12.25262928,99.70856585414,-12.25262927707
"Melotte_25",4424,2954192103786862464,0,0.23881242,100.52768366,-10.63739884,100.52768365657,-10.63739884498
"Melotte_25",4424,2991650540796200448,0,0.25693132,88.6472388,-17.15201857,88.64723880275,-17.15201857277
"Melotte_25",4424,2994399422944134784,0,0.25034858,93.17717889,-13.65498284,93.17717889215,-13.6549828379
"Melotte_25",4424,2997384459573527296,0,0.24983049,90.30269129,-13.17330943,90.30269128755,-13.17330943125
"Melotte_25",4424,2997774958001029504,0,0.25435671,91.65659507,-12.50263786,91.656595069,-12.50263786132
"Melotte_25",4424,2998236065691096576,0,0.2559416,91.02721643,-11.14579999,91.02721643091,-11.14579998921
"Melotte_25",4424,2998766575752095488,0,0.24677431,88.29715523,-11.60452698,88.2971552293,-11.60452697561
"Melotte_25",4424,2998941402398201984,0,0.25693132,89.9204039,-11.33245899,89.92040389547,-11.33245898899
"Melotte_25",4424,3000485116724033792,0,0.24574009,96.50945875,-11.25913752,96.50945874745,-11.25913752361
"Melotte_25",4424,3005061833873657088,0,0.25693132,91.36509519,-10.23987984,91.36509519436,-10.23987983541
"Melotte_25",4424,3005365436521545856,0,0.25693132,90.95545483,-9.54397295,90.95545483238,-9.54397295354
"Melotte_25",4424,3005506758125892096,0,0.25693132,91.4898321,-9.00391498,91.48983210423,-9.00391498128
"Melotte_25",4424,3006412996226400896,0,0.24359155,96.46917713,-8.08988876,96.4691771337,-8.08988876269
"Melotte_25",4424,3007297312812515712,0,0.25693132,94.08419686,-8.12888285,94.08419685895,-8.12888285309
"Melotte_25",4424,3008672080303300608,0,0.23828813,84.91075758,-12.94630098,84.91075757759,-12.94630098311
"Melotte_25",4424,3015903735781307264,0,0.23828813,86.75561171,-7.34067678,86.75561171305,-7.34067678294
"Melotte_25",4424,3018147602792179584,0,0.2384458,91.9630129,-7.34079123,91.96301289584,-7.34079122592
"Melotte_25",4424,3019247561096793728,0,0.24553093,90.64880471,-6.39271725,90.64880470786,-6.39271725022
"Melotte_25",4424,3019376135237416832,0,0.25106982,90.83614916,-5.54155362,90.83614915786,-5.54155362235
"Melotte_25",4424,3020873566995417088,0,0.25693132,91.18117407,-5.40815809,91.1811740721,-5.40815808972
"Melotte_25",4424,3023789025155718656,0,0.24425094,88.42544292,-3.70233226,88.42544292472,-3.70233225854
"Melotte_25",4424,3024726904277042048,0,0.24425094,89.86543819,-2.55178494,89.86543819324,-2.55178493502
"Melotte_25",4424,3024891594801681536,0,0.25693132,92.06177158,-2.68321074,92.06177157887,-2.68321074179
"Melotte_25",4424,3025295321725752576,0,0.25693132,88.67013076,-3.48218083,88.67013076258,-3.48218082671
"Melotte_25",4424,3025402730267686912,0,0.25693132,88.66553187,-2.80619835,88.66553187345,-2.80619835237
"Melotte_25",4424,3121107276069392000,0,0.25693132,92.85858149,-1.58490486,92.85858148533,-1.58490485829
"Melotte_25",4424,3130423098792454912,0,0.24442636,97.70907188,4.11431268,97.70907188392,4.11431268319
"Melotte_25",4424,3206232054703793792,0,0.23785113,67.71761447,-1.21291158,67.71761447488,-1.21291157942
"Melotte_25",4424,3210304611413346944,0,0.24326833,79.32933222,-4.80125644,79.32933222363,-4.80125643804
"Melotte_25",4424,3213298512857795968,0,0.2491516,76.0272907,-2.62778358,76.02729069766,-2.62778357884
"Melotte_25",4424,3214665240169427072,0,0.23944261,77.83026001,-2.49077522,77.83026000515,-2.49077522187
"Melotte_25",4424,3216618964956221056,0,0.24243679,86.15172979,-1.65844899,86.15172979273,-1.65844899396
"Melotte_25",4424,3216818358815600000,0,0.25491019,83.0736528,-2.61662111,83.07365280377,-2.61662111422
"Melotte_25",4424,3217230091559891200,0,0.25106982,82.90820851,-1.59072222,82.90820850784,-1.59072222466
"Melotte_25",4424,3217996515587266816,0,0.24732589,87.92338817,-1.26375497,87.92338816945,-1.26375497063
"Melotte_25",4424,3221797634659986432,0,0.25825093,81.565686,0.56300629,81.56568599843,0.56300628778
"Melotte_25",4424,3223734390032418688,0,0.27398224,82.19827206,1.86883948,82.19827206094,1.86883948435
"Melotte_25",4424,3223884404650487040,0,0.2772323,83.12714754,2.64844797,83.12714754122,2.64844796641
"Melotte_25",4424,3224052178957682816,0,0.27548372,84.81321057,2.80567777,84.81321056766,2.80567777103
"Melotte_25",4424,3224454570148668416,0,0.26458153,84.18004354,3.77485529,84.18004354442,3.77485528942
"Melotte_25",4424,3224460514383227008,0,0.24120965,84.08553548,3.91251466,84.08553548483,3.91251466348
"Melotte_25",4424,3232758940955385856,0,0.26323296,70.82107215,2.00743018,70.82107215299,2.00743018237
"Melotte_25",4424,3233956377837813760,0,0.25255795,77.61662067,1.15227683,77.61662066601,1.15227683053
"Melotte_25",4424,3234518159559823232,0,0.25635252,78.8963825,2.30440132,78.89638249581,2.3044013224
"Melotte_25",4424,3235090249204352640,0,0.24978832,76.23811277,2.48256296,76.23811277455,2.48256296082
"Melotte_25",4424,3239389683266590208,0,0.28381757,75.20401734,4.73315622,75.20401733791,4.733156225
"Melotte_25",4424,3239532516698568832,0,0.26523808,74.21468421,4.58611139,74.21468420764,4.5861113928
"Melotte_25",4424,3239532551058308736,0,0.26683215,74.1930275,4.59190004,74.19302749702,4.59190004499
"Melotte_25",4424,3240137729130979200,0,0.2940369,75.05011346,5.85551105,75.05011345778,5.85551105097
"Melotte_25",4424,3241952369992171904,0,0.34615849,77.83086189,7.90891075,77.83086188529,7.90891075273
"Melotte_25",4424,3242022670016700672,0,0.35116327,77.4185705,8.21400528,77.41857050255,8.21400528137
"Melotte_25",4424,3278991343318911744,0,0.27496141,66.20588078,1.11565191,66.20588078399,1.11565191414
"Melotte_25",4424,3278991377678649344,0,0.27100841,66.2127433,1.11359999,66.212743296,1.11359998887
"Melotte_25",4424,3281064262038614912,0,0.35487797,71.5787225,3.63639582,71.57872249587,3.63639582213
"Melotte_25",4424,3281410509417809152,0,0.38132959,70.44533096,4.43674345,70.44533096458,4.4367434539
"Melotte_25",4424,3281554785959621760,0,0.28652676,71.86518151,4.47634906,71.86518150765,4.47634906411
"Melotte_25",4424,3282171749421655168,0,0.39489891,69.49310125,4.66980919,69.4931012549,4.66980918654
"Melotte_25",4424,3282226793722500224,0,0.38046599,69.43420672,4.90188863,69.43420671689,4.90188863009
"Melotte_25",4424,3283285795218796800,0,0.27189105,65.26775202,3.26885296,65.26775202203,3.26885296276
"Melotte_25",4424,3283324415564687104,0,0.31623158,65.60496647,3.61903147,65.6049664654,3.61903147444
"Melotte_25",4424,3285426613077584384,0,0.39951887,68.02053657,5.41007563,68.02053657414,5.41007562886
"Melotte_25",4424,3287041688283537408,0,0.33105032,66.31352505,8.04883549,66.31352505335,8.04883548834
"Melotte_25",4424,3287041726938931968,0,0.34555582,66.32120578,8.06775084,66.32120578396,8.06775084138
"Melotte_25",4424,3287167277423046272,0,0.36489982,67.03374475,7.94577266,67.03374474598,7.94577265734
"Melotte_25",4424,3288018093264886016,0,0.41626372,72.46751085,6.10935987,72.46751085028,6.10935987158
"Melotte_25",4424,3288691264962674816,0,0.24363747,74.12611384,7.69970098,74.12611384296,7.69970097554
"Melotte_25",4424,3288784006192725248,0,0.39584841,71.82759193,6.45323129,71.82759192647,6.45323129359
"Melotte_25",4424,3288876846205650816,0,0.4294568,71.53873633,6.75007212,71.53873633479,6.75007211812
"Melotte_25",4424,3289131211349599360,0,0.36100712,70.44566516,7.27570423,70.4456651597,7.27570423288
"Melotte_25",4424,3289363105224130944,0,0.38352292,73.70387237,7.73887804,73.70387236584,7.73887804472
"Melotte_25",4424,3289809060267929856,0,0.42237984,73.48794698,9.2663223,73.4879469791,9.26632230477
"Melotte_25",4424,3290872562889409024,0,0.37826816,77.33212108,9.829551,77.33212107787,9.82955099655
"Melotte_25",4424,3290932829870375680,0,0.3134581,77.60203866,10.41797339,77.60203866445,10.41797338709
"Melotte_25",4424,3291312951656888320,0,0.42928294,73.65783723,9.40905258,73.65783723269,9.40905257551
"Melotte_25",4424,3291495436226226688,0,0.44182089,74.83294905,10.38596614,74.83294905197,10.38596614062
"Melotte_25",4424,3291734202048545792,0,0.34568153,76.47570498,10.58074763,76.47570498154,10.58074763018
"Melotte_25",4424,3292227607891547264,0,0.43952704,69.77608806,7.87098634,69.77608805538,7.87098634103
"Melotte_25",4424,3292367795624174592,0,0.41362768,70.42949732,8.43925095,70.42949731731,8.43925094633
"Melotte_25",4424,3292663564251652608,0,0.47489478,70.21731448,9.08758293,70.21731447773,9.08758292994
"Melotte_25",4424,3293176074109393152,0,0.48316436,71.90507647,10.23296676,71.90507646635,10.23296675709
"Melotte_25",4424,3293652471881614592,0,0.33235959,68.15817737,9.85181426,68.15817737124,9.85181426462
"Melotte_25",4424,3293856362569126400,0,0.34890536,70.71766818,9.99638919,70.71766818385,9.99638918558
"Melotte_25",4424,3294081521934473216,1,0.58571912,71.10806669,11.1460722,71.10806668662,11.14607220366
"Melotte_25",4424,3294240092127139200,0,0.49468853,69.539886,11.31806172,69.53988599678,11.31806172082
"Melotte_25",4424,3294522907134516864,0,0.42865894,73.09978874,10.7193817,73.09978874091,10.71938169936
"Melotte_25",4424,3295209414705918080,0,0.46973506,75.40726881,12.41631503,75.40726881104,12.41631503351
"Melotte_25",4424,3295445466108379648,0,0.23928169,74.19693759,12.51910855,74.19693758511,12.51910855473
"Melotte_25",4424,3295637159089219200,0,0.31510985,71.50755199,11.70555063,71.50755198684,11.70555063497
"Melotte_25",4424,3295878703753707136,1,0.54115716,70.51932185,11.9204186,70.51932185018,11.92041860473
"Melotte_25",4424,3295883999449691264,1,0.74201182,70.37030475,12.00928091,70.37030475207,12.00928091436
"Melotte_25",4424,3296045077903829888,1,0.74235289,71.72078453,12.8837715,71.72078452583,12.88377150175
"Melotte_25",4424,3296520066926319104,1,0.64896386,72.95873165,13.65500598,72.95873165305,13.6550059817
"Melotte_25",4424,3298981804741290240,0,0.24797421,64.1676491,7.84777823,64.16764909536,7.84777822827
"Melotte_25",4424,3299441950357981696,1,0.51122531,64.73298023,9.3963097,64.73298023396,9.39630970087
"Melotte_25",4424,3299573475139651584,1,0.63688933,65.96180286,9.20539197,65.96180286176,9.20539197329
"Melotte_25",4424,3300059394856687488,0,0.46531634,63.95086455,8.96610624,63.95086454935,8.96610624029
"Melotte_25",4424,3300228444769145856,0,0.24673754,63.53426605,9.40664336,63.53426605189,9.40664335691
"Melotte_25",4424,3300725905060807936,1,0.58104299,65.62564724,10.4345975,65.62564724112,10.43459750043
"Melotte_25",4424,3300934223858467072,1,0.54698119,63.6436281,10.70136204,63.64362810454,10.70136203707
"Melotte_25",4424,3301044896575527680,0,0.28967141,65.31859939,11.42604579,65.31859939066,11.42604579022
"Melotte_25",4424,3302846072717868416,0,0.36169217,58.84239878,9.78834608,58.8423987811,9.78834608466
"Melotte_25",4424,3304337251002413952,1,0.57822713,62.1116571,12.19179763,62.11165709792,12.19179763214
"Melotte_25",4424,3304412601908736512,1,0.64160172,63.61408309,12.43525653,63.61408308649,12.43525653322
"Melotte_25",4424,3305524242524308352,1,0.5226912,61.6448176,13.54904876,61.64481759778,13.54904876397
"Melotte_25",4424,3305860933600191872,1,0.83279892,67.8161873,10.70423697,67.81618729694,10.70423696996
"Melotte_25",4424,3305871825637254912,1,0.76296806,67.73868056,10.75171897,67.73868055536,10.75171897325
"Melotte_25",4424,3305881652522411520,1,0.61343728,67.83203158,10.9237342,67.83203158167,10.92373419928
"Melotte_25",4424,3306007129990778368,0,0.28110833,66.70155094,10.87104212,66.70155094387,10.87104212376
"Melotte_25",4424,3306016372760404992,1,0.7581802,66.18386282,10.77199737,66.18386282174,10.77199736532
"Melotte_25",4424,3306066439195411712,0,0.27548608,67.51394204,10.93920301,67.51394203561,10.93920301405
"Melotte_25",4424,3306247446297683072,1,0.69448024,69.31109402,11.32406515,69.31109401987,11.32406514566
"Melotte_25",4424,3306304002426877440,1,0.77264756,68.54687819,11.55785601,68.54687819175,11.55785601185
"Melotte_25",4424,3306443434245315200,1,0.57715253,69.29169185,12.10546147,69.29169184727,12.10546147264
"Melotte_25",4424,3306483944378137088,1,0.74281888,69.53990118,12.51077091,69.53990118481,12.51077091249
"Melotte_25",4424,3306541222060028672,0,0.34499685,68.39801252,11.99275915,68.39801252036,11.9927591493
"Melotte_25",4424,3306588707218380288,1,0.84674665,67.81746222,12.20007944,67.81746221984,12.20007944471
"Melotte_25",4424,3306592418070112384,1,0.8756895,68.18963645,12.06660655,68.18963644755,12.06660655222
"Melotte_25",4424,3306849703791332864,0,0.40733405,65.99832612,11.38299678,65.9983261177,11.38299677554
"Melotte_25",4424,3306856541379219456,1,0.80596453,65.60756954,11.30566374,65.60756954085,11.30566374368
"Melotte_25",4424,3306922958753764992,1,0.84674665,66.94247704,11.73636378,66.94247703953,11.73636378465
"Melotte_25",4424,3307131900322333312,1,0.80316303,65.33284321,12.04385556,65.33284321495,12.04385556222
"Melotte_25",4424,3307198077178624128,1,0.78378089,66.06454223,12.2472349,66.06454223428,12.24723490104
"Melotte_25",4424,3307342353720064384,1,0.67280833,67.7394189,12.30370338,67.73941890223,12.30370337716
"Melotte_25",4424,3307355272981718272,1,0.81009496,67.31812349,12.36028584,67.31812349243,12.36028583615
"Melotte_25",4424,3307489031146701696,1,0.85365401,68.36303445,13.04538597,68.36303444839,13.04538596862
"Melotte_25",4424,3307504222447587584,1,1.0,68.10736951,13.11315056,68.10736950521,13.11315056485
"Melotte_25",4424,3307516660672931584,1,0.86918111,68.77368126,13.17359407,68.77368125958,13.17359407149
"Melotte_25",4424,3307528033746225664,1,0.82369616,68.44481145,13.25180696,68.44481144533,13.25180696227
"Melotte_25",4424,3307645131734449408,1,1.0,66.72690366,13.13810314,66.72690365638,13.1381031402
"Melotte_25",4424,3307650109600736000,1,0.791142,67.20948986,13.04753578,67.20948986266,13.04753577613
"Melotte_25",4424,3307717596422556928,1,0.99936953,66.46574215,13.50258474,66.46574214648,13.50258473882
"Melotte_25",4424,3307782570688378496,1,1.0,67.65616639,13.72431676,67.65616639414,13.72431676411
"Melotte_25",4424,3307815006281475200,0,0.37460937,67.87268564,13.90339906,67.8726856418,13.90339905785
"Melotte_25",4424,3307843524864280192,1,1.0,67.09389132,13.82267622,67.09389131915,13.82267622405
"Melotte_25",4424,3307844864893938304,1,1.0,67.01894115,13.86785418,67.01894114867,13.86785418426
"Melotte_25",4424,3307992336891315968,1,0.65117733,69.96285292,12.7284064,69.96285291527,12.7284063989
"Melotte_25",4424,3308127405023027328,1,0.59393284,70.37409669,13.22112418,70.37409669378,13.22112417895
"Melotte_25",4424,3308152208457011072,0,0.44163439,71.3321101,13.57421627,71.33211010053,13.57421627116
"Melotte_25",4424,3308269757418376576,1,0.80485996,68.95257562,13.28796611,68.95257561604,13.28796611451
"Melotte_25",4424,3308403897837092992,1,0.66011065,70.09992854,13.97931867,70.09992853565,13.9793186659
"Melotte_25",4424,3308428877366857728,0,0.30109818,70.36635522,14.07601674,70.36635522147,14.07601673884
"Melotte_25",4424,3308501926171656832,1,0.54797432,72.29440093,13.81134534,72.29440092915,13.81134534359
"Melotte_25",4424,3308635168940258432,0,0.32049496,72.89015202,14.28627937,72.89015202393,14.28627936558
"Melotte_25",4424,3308896238528440448,1,0.74235289,71.89763219,14.88897758,71.89763218568,14.88897757634
"Melotte_25",4424,3309006602007842048,1,0.74235289,71.62700948,15.47193179,71.62700947834,15.4719317859
"Melotte_25",4424,3309026702454621952,0,0.30186614,68.88895524,13.42756056,68.88895524402,13.42756056465
"Melotte_25",4424,3309170875916905856,0,0.44353584,69.73925749,14.10547704,69.73925748852,14.10547704226
"Melotte_25",4424,3309336867813205760,1,0.55161503,68.52256354,14.21747714,68.52256353869,14.21747714186
"Melotte_25",4424,3309419984020798080,1,1.0,68.4626316,14.84431968,68.46263159768,14.84431967628
"Melotte_25",4424,3309493720019304576,0,0.35562702,69.38373895,15.14637886,69.38373895276,15.14637886079
"Melotte_25",4424,3309540170088830464,0,0.43373635,68.49438499,15.1635272,68.49438499286,15.16352719506
"Melotte_25",4424,3309541170817293824,1,0.58987976,68.66689038,15.20896491,68.66689038204,15.20896491198
"Melotte_25",4424,3309568143211890048,1,0.63834883,68.86895205,15.39915128,68.86895204897,15.39915127586
"Melotte_25",4424,3309956850635519488,1,0.87657153,69.0223877,15.68389752,69.02238770365,15.68389752026
"Melotte_25",4424,3309967059774839808,1,0.7457529,69.17011717,15.8692047,69.17011716747,15.86920469583
"Melotte_25",4424,3309974344039455488,1,0.90594896,69.54443043,15.82138295,69.54443043473,15.82138295256
"Melotte_25",4424,3309979154404035072,1,0.53256829,69.81913778,15.91788555,69.81913777991,15.91788554918
"Melotte_25",4424,3309990523179108480,0,0.29800797,69.5397288,16.0332172,69.53972879902,16.03321720295
"Melotte_25",4424,3310012483349675136,0,0.2394629,70.31921629,15.9516925,70.31921629323,15.95169249621
"Melotte_25",4424,3310104945406638464,0,0.46312015,70.10656146,16.51360531,70.10656145621,16.51360531392
"Melotte_25",4424,3310178784482082816,1,0.66418504,64.67653033,12.51063845,64.67653033005,12.51063844565
"Melotte_25",4424,3310218298181227264,1,0.58233207,64.41602968,12.4147332,64.41602968408,12.41473319623
"Melotte_25",4424,3310348551653256448,1,0.68458805,65.75006043,13.3161995,65.75006042587,13.31619950289
"Melotte_25",4424,3310478710637066752,1,0.84309033,64.53629289,13.3312592,64.5362928915,13.3312591966
"Melotte_25",4424,3310500082395427200,1,0.50883544,63.71692326,13.05485534,63.71692325542,13.05485533858
"Melotte_25",4424,3310569798304869888,1,0.82740856,64.69651759,13.3662321,64.69651758804,13.36623210325
"Melotte_25",4424,3310634944368705664,1,1.0,64.99096424,14.03511972,64.99096424328,14.03511972426
"Melotte_25",4424,3310640648085373824,1,0.84935481,64.44922468,13.66170489,64.44922468155,13.66170489235
"Melotte_25",4424,3310702770492165120,1,1.0,64.83451346,14.31634798,64.83451345916,14.31634798007
"Melotte_25",4424,3310820624394671488,1,0.8950389,65.97724836,14.05201958,65.97724836421,14.05201958352
"Melotte_25",4424,3310857011357831936,1,0.94618506,66.85088846,14.11857202,66.85088845612,14.11857201972
"Melotte_25",4424,3310876802567157248,1,1.0,66.85605548,14.26057856,66.8560554772,14.26057855639
"Melotte_25",4424,3310903740601986432,1,1.0,66.94644177,14.41766458,66.94644176769,14.41766458338
"Melotte_25",4424,3310919202484088832,0,0.37066797,67.09797617,14.74088878,67.09797616794,14.74088878119
"Melotte_25",4424,3311000119668435200,1,1.0,65.51518024,14.07710328,65.51518023604,14.07710327523
"Melotte_25",4424,3311024789960504576,1,0.93867129,65.39545705,14.40970389,65.39545704764,14.40970388722
"Melotte_25",4424,3311038666998173184,1,1.0,65.84974596,14.42784982,65.84974595899,14.42784981729
"Melotte_25",4424,3311102820926310784,1,1.0,65.39669553,14.69515387,65.39669553193,14.69515386817
"Melotte_25",4424,3311148828615843328,1,1.0,65.8852239,14.67039845,65.88522390285,14.6703984479
"Melotte_25",4424,3311151233797884416,0,0.47183229,66.05246948,14.75815758,66.05246947658,14.75815758342
"Melotte_25",4424,3311162843092490496,0,0.33528322,65.96041134,14.92140271,65.96041133865,14.9214027075
"Melotte_25",4424,3311173120950799872,1,1.0,66.46067899,15.00246497,66.46067898955,15.00246497213
"Melotte_25",4424,3311179340063437952,1,1.0,66.52007677,15.04128502,66.52007676867,15.04128501943
"Melotte_25",4424,3311221224583178368,0,0.44405067,65.68458418,15.05603438,65.68458418347,15.05603438337
"Melotte_25",4424,3311221258944195200,0,0.27185519,65.66660974,15.06239958,65.66660974089,15.06239958437
"Melotte_25",4424,3311232425859274368,1,0.61483491,65.62766802,15.22016741,65.62766802463,15.22016741471
"Melotte_25",4424,3311464182294287104,1,0.72729705,64.48201074,14.54618936,64.4820107413,14.54618936035
"Melotte_25",4424,3311492803955469696,1,0.88632667,63.79389433,14.39837387,63.79389433145,14.39837387236
"Melotte_25",4424,3311514210073309056,1,0.74535977,63.60737116,14.624971,63.60737116438,14.62497100144
"Melotte_25",4424,3311804515502788352,1,0.77523908,63.27395215,15.24770012,63.27395214949,15.24770011886
"Melotte_25",4424,3311906770084019712,1,0.93852815,64.36774234,14.90098331,64.36774234413,14.90098331407
"Melotte_25",4424,3311934086075988864,1,0.9800385,64.46561264,15.22706345,64.46561263725,15.22706344745
"Melotte_25",4424,3312025001943976064,1,1.0,65.80253437,15.71278418,65.80253436758,15.71278418255
"Melotte_25",4424,3312025586059836928,1,0.75002106,65.8559128,15.76300517,65.85591280296,15.76300516682
"Melotte_25",4424,3312052249215275904,1,0.8992828,64.94888617,15.62753819,64.94888616843,15.62753819285
"Melotte_25",4424,3312197934506930944,1,0.89202133,63.89092281,15.70616393,63.89092280687,15.70616393017
"Melotte_25",4424,3312281634829711488,1,0.86844095,64.55462494,16.098024,64.55462493666,16.09802400439
"Melotte_25",4424,3312281669189449472,1,0.99624495,64.58084849,16.08822764,64.58084849162,16.08822764432
"Melotte_25",4424,3312324550143212288,1,0.58139456,64.97907766,16.52241753,64.97907765725,16.52241753295
"Melotte_25",4424,3312348872541805184,1,0.84826015,64.22748221,16.35680603,64.22748221255,16.35680603161
"Melotte_25",4424,3312381071912436864,1,0.89386094,64.47973597,16.54438228,64.47973597436,16.54438228292
"Melotte_25",4424,3312408319186235520,1,0.78393141,67.64159472,14.74797675,67.64159471615,14.74797674649
"Melotte_25",4424,3312445977459467264,0,0.36135138,67.93265109,15.0410079,67.93265109429,15.04100789504
"Melotte_25",4424,3312520946111619072,1,1.0,67.30193647,15.27380421,67.30193646682,15.27380420679
"Melotte_25",4424,3312536927686011520,1,0.76524348,67.53632737,15.6377361,67.53632737173,15.63773609543
"Melotte_25",4424,3312564037520033792,1,1.0,67.96911967,15.4993735,67.96911967367,15.49937349658
"Melotte_25",4424,3312575685471393664,1,1.0,68.64759096,15.50450386,68.64759095859,15.50450385509
"Melotte_25",4424,3312602348628348032,1,0.69729076,68.63451075,15.82746608,68.63451075082,15.82746607671
"Melotte_25",4424,3312613000147191808,1,0.98812027,67.93733037,15.6292431,67.93733036561,15.62924309769
"Melotte_25",4424,3312613000147191680,1,0.96862936,67.93658294,15.63014991,67.93658293586,15.63014990718
"Melotte_25",4424,3312628358950130176,1,1.0,67.66251575,15.69176966,67.66251575061,15.69176965906
"Melotte_25",4424,3312637842237882880,1,0.69181404,67.96612154,15.85147135,67.96612153926,15.85147135018
"Melotte_25",4424,3312644885984344704,1,1.0,68.24817727,15.81885477,68.24817726691,15.818854771
"Melotte_25",4424,3312652513846244096,1,0.70986969,68.20929932,16.00568313,68.20929931916,16.00568312875
"Melotte_25",4424,3312709379213017728,1,1.0,66.90003194,15.58908547,66.90003194033,15.58908547279
"Melotte_25",4424,3312744219988782720,1,1.0,67.16608051,15.87078446,67.16608051055,15.87078445532
"Melotte_25",4424,3312748824193704832,0,0.26930204,67.14423196,15.96202531,67.14423196264,15.96202530801
"Melotte_25",4424,3312751882209460864,1,0.65166321,66.52490369,15.52423039,66.52490368959,15.52423039219
"Melotte_25",4424,3312759303913978624,0,0.31009318,66.58694859,15.6182079,66.58694858531,15.61820790019
"Melotte_25",4424,3312783561888068352,1,0.9078386,66.40598637,15.94090754,66.40598637274,15.9409075397
"Melotte_25",4424,3312837025641272320,1,0.75830909,67.69551967,16.14853261,67.69551967147,16.1485326083
"Melotte_25",4424,3312842042162993536,1,0.97818408,67.21906201,15.98147264,67.21906200793,15.98147263552
"Melotte_25",4424,3312849326428424704,1,0.96083504,67.64062132,16.19390071,67.64062132436,16.19390071188
"Melotte_25",4424,3312882483575093760,1,1.0,67.79637749,16.39576252,67.79637749254,16.3957625218
"Melotte_25",4424,3312899491645515776,1,0.91477618,67.3795852,16.24469232,67.37958519538,16.24469231573
"Melotte_25",4424,3312904233289409152,1,1.0,67.25111622,16.34621388,67.25111621738,16.34621387902
"Melotte_25",4424,3312908906213736320,1,0.68117788,66.92021719,16.24860786,66.92021718933,16.24860786265
"Melotte_25",4424,3312921378798754304,1,0.90692124,67.0458269,16.47079737,67.04582690254,16.47079736733
"Melotte_25",4424,3312951748510907648,1,1.0,67.49102855,16.6727147,67.49102855411,16.67271469531
"Melotte_25",4424,3312960205303089664,1,1.0,67.48275769,16.91391182,67.48275769215,16.91391182249
"Melotte_25",4424,3313070293905997824,0,0.39986514,69.00076087,16.54067138,69.00076086608,16.54067137753
"Melotte_25",4424,3313173957237081984,1,0.99408954,69.38447123,16.75856571,69.38447123433,16.75856570947
"Melotte_25",4424,3313173957234728576,0,0.49800778,69.38416313,16.75879069,69.38416312823,16.75879068635
"Melotte_25",4424,3313207698500079360,1,0.87123247,69.63189917,17.0405551,69.63189917287,17.04055509824
"Melotte_25",4424,3313241714640886400,1,0.57053292,69.60440899,17.54228778,69.60440899072,17.54228778068
"Melotte_25",4424,3313259169388356608,1,1.0,68.4086508,16.76238624,68.40865079618,16.76238624473
"Melotte_25",4424,3313285110990793472,1,1.0,68.48680176,16.86893699,68.48680175601,16.86893699018
"Melotte_25",4424,3313526556869575296,1,0.55063878,66.20070597,15.8746492,66.20070596677,15.87464920367
"Melotte_25",4424,3313527106627449088,1,0.68070963,66.11822759,15.88417683,66.11822759102,15.88417682534
"Melotte_25",4424,3313541056680391296,1,1.0,65.92951789,15.88080345,65.92951789089,15.88080345092
"Melotte_25",4424,3313579505227558528,1,1.0,66.3193624,16.30223368,66.31936239677,16.30223368347
"Melotte_25",4424,3313630082762446208,1,0.51378059,66.0536814,16.37883257,66.0536813972,16.37883257199
"Melotte_25",4424,3313653894061044224,1,1.0,65.99690956,16.72146571,65.99690955662,16.72146571041
"Melotte_25",4424,3313662896313355008,1,0.97682439,66.118551,16.88605396,66.11855100327,16.8860539648
"Melotte_25",4424,3313689422030650496,1,0.9157956,66.66767262,16.74677259,66.66767261685,16.74677258633
"Melotte_25",4424,3313743710417140864,0,0.26067017,66.60303644,16.85318049,66.60303643901,16.85318048809
"Melotte_25",4424,3313759000500605056,1,0.56376604,66.25145306,16.98478765,66.25145306022,16.98478765439
"Melotte_25",4424,3313778207594395392,1,0.94466766,66.81983231,17.24171138,66.81983230907,17.24171137517
"Melotte_25",4424,3313839574086963712,1,0.61691048,65.39849909,16.89419227,65.39849909,16.89419227453
"Melotte_25",4424,3313842529024545664,1,0.98971904,65.8549302,16.77714747,65.85493019594,16.77714746573
"Melotte_25",4424,3313947704182762240,1,0.8097075,66.09326953,17.07883604,66.09326952772,17.07883604086
"Melotte_25",4424,3313958046465282304,0,0.38350521,66.30695339,17.26807655,66.30695338557,17.26807654571
"Melotte_25",4424,3313978112552491136,1,0.97885564,66.02452121,17.4439851,66.02452121403,17.44398510131
"Melotte_25",4424,3314024566919613952,1,0.87558995,65.73422491,17.54239076,65.73422490903,17.54239075752
"Melotte_25",4424,3314063908819076352,1,0.95524572,66.35479242,17.91521009,66.35479242497,17.91521008711
"Melotte_25",4424,3314063977537054208,1,0.97885564,66.37293763,17.92776874,66.37293762851,17.92776873535
"Melotte_25",4424,3314079508140198528,1,0.97885564,66.07110066,18.0027842,66.07110065917,18.00278420332
"Melotte_25",4424,3314109916508904064,1,0.84974773,67.20174925,17.2853419,67.20174925383,17.28534189976
"Melotte_25",4424,3314137846679343872,1,0.94615774,68.03366497,17.66434406,68.03366497456,17.66434406389
"Melotte_25",4424,3314140599755959424,0,0.41599384,67.60020696,17.49958783,67.6002069573,17.49958783414
"Melotte_25",4424,3314150048683152896,1,0.97526952,67.87161425,17.71851875,67.87161425365,17.71851875452
"Melotte_25",4424,3314151251273992832,0,0.25359939,67.90510254,17.70963695,67.90510253678,17.70963694564
"Melotte_25",4424,3314185129975960448,0,0.48090086,67.12038863,17.69579195,67.12038862642,17.69579194719
"Melotte_25",4424,3314212068010812032,1,0.8917433,67.37695673,17.86302265,67.37695672529,17.86302264885
"Melotte_25",4424,3314213025787054592,1,0.97000053,67.38219602,17.89303687,67.3821960187,17.89303687477
"Melotte_25",4424,3314232855652895104,1,0.80714757,68.09949962,17.75058939,68.09949961823,17.75058938626
"Melotte_25",4424,3314248558053305216,0,0.38624341,68.12109321,17.90455398,68.12109321305,17.90455397502
"Melotte_25",4424,3314294771901304192,1,0.94331807,68.48159726,18.3806204,68.48159725898,18.38062040059
"Melotte_25",4424,3314393590508675456,1,0.80076875,66.59090387,18.00015324,66.59090387219,18.0001532425
"Melotte_25",4424,3314484094059409408,0,0.35768006,66.996178,18.50010052,66.99617799986,18.50010051841
"Melotte_25",4424,3314581984953794816,1,0.88770724,67.25475393,18.67354032,67.25475392694,18.67354031761
"Melotte_25",4424,3314597408180024960,1,0.67997305,66.99717393,18.75895053,66.99717393153,18.75895052872
"Melotte_25",4424,3315967541404032896,0,0.25640481,89.87475826,2.47620381,89.87475826334,2.47620380599
"Melotte_25",4424,3321943971216932096,0,0.27180201,90.26227431,6.86167386,90.26227431249,6.86167386325
"Melotte_25",4424,3323019431029730560,0,0.24727175,88.88651427,7.90950281,88.88651427146,7.90950281241
"Melotte_25",4424,3323514761017707008,0,0.25371091,89.24183726,8.89151918,89.24183726498,8.89151917941
"Melotte_25",4424,3328617079087341440,0,0.25790887,92.80948443,8.93837764,92.80948442516,8.93837763899
"Melotte_25",4424,3332714546603510656,0,0.24147261,84.93354643,5.42507717,84.93354643025,5.42507716821
"Melotte_25",4424,3333698506432195840,0,0.26875585,86.19682743,7.76829918,86.19682742939,7.76829918352
"Melotte_25",4424,3333966409312501248,0,0.28717905,84.06068766,6.95621343,84.06068766349,6.95621342687
"Melotte_25",4424,3334933940888610688,0,0.24170235,87.03291962,7.39391355,87.03291962247,7.39391354926
"Melotte_25",4424,3337480688992285952,0,0.28033774,80.72706668,8.20111676,80.72706667524,8.20111675849
"Melotte_25",4424,3338364314087834624,0,0.25364294,79.87394061,8.76529938,79.87394061494,8.76529937541
"Melotte_25",4424,3338528764090225024,0,0.37826816,80.35477127,9.63641419,80.35477126568,9.6364141905
"Melotte_25",4424,3338650225766660992,0,0.37826816,79.06628772,9.4465787,79.06628771697,9.44657869856
"Melotte_25",4424,3339182389394565760,0,0.36951682,81.43745139,10.73408889,81.43745138544,10.73408888835
"Melotte_25",4424,3339344704798578944,0,0.31167806,81.79629809,11.52581198,81.79629808784,11.5258119763
"Melotte_25",4424,3341103167488598272,0,0.27614949,83.06964114,13.12495685,83.06964113749,13.12495684906
"Melotte_25",4424,3348035553945613952,0,0.2596315,87.84822005,15.55108773,87.84822004703,15.55108773105
"Melotte_25",4424,3368747707312329728,0,0.24793634,95.8992521,15.05332404,95.89925210273,15.05332404266
"Melotte_25",4424,3387381646261643776,0,0.37826816,80.10616724,11.60975701,80.10616724276,11.60975701041
"Melotte_25",4424,3387573300585597184,0,0.37826816,79.36724628,11.79070642,79.36724628262,11.7907064237
"Melotte_25",4424,3388382060107608832,0,0.46282099,77.2630057,12.96408671,77.26300569549,12.96408670557
"Melotte_25",4424,3388751431591386240,0,0.35301227,77.73594506,13.12192897,77.73594505978,13.12192896987
"Melotte_25",4424,3390181861859258240,0,0.24805936,79.79618986,13.92478335,79.79618985862,13.92478334531
"Melotte_25",4424,3390934580648016768,0,0.30278124,80.73324952,15.230268,80.73324952305,15.23026800141
"Melotte_25",4424,3391300855458298624,0,0.28644089,75.53284048,12.60444367,75.53284048091,12.6044436747
"Melotte_25",4424,3391410909700425600,0,0.48704318,76.79219078,13.26970363,76.7921907837,13.26970363266
"Melotte_25",4424,3391712038447198080,0,0.45438835,75.78221049,13.73058997,75.78221049104,13.73058997409
"Melotte_25",4424,3391728565481255040,0,0.45077025,75.40054017,13.93291262,75.40054017299,13.93291261744
"Melotte_25",4424,3392122637320609536,0,0.49111745,76.89602332,14.65381416,76.89602331525,14.65381416391
"Melotte_25",4424,3392422013721349632,1,0.53843721,74.25312975,13.91226556,74.25312975202,13.91226556245
"Melotte_25",4424,3392423078873226112,1,0.54872992,74.36514027,13.94513872,74.36514027052,13.94513871564
"Melotte_25",4424,3392438678194466560,0,0.36611056,74.0530978,13.98432166,74.05309780104,13.9843216595
"Melotte_25",4424,3392446821452424192,1,0.55019058,74.45659284,14.00210929,74.45659283995,14.0021092911
"Melotte_25",4424,3392642122205617536,0,0.24747062,73.6560847,14.18744138,73.65608470144,14.18744138364
"Melotte_25",4424,3392664627834274688,1,0.55019058,74.49115622,14.45189799,74.49115621734,14.45189798786
"Melotte_25",4424,3393094021484216192,0,0.40685793,76.78868073,15.61361345,76.78868073336,15.61361345038
"Melotte_25",4424,3393284752392701312,1,0.51202924,74.93506828,15.91660061,74.93506827868,15.91660060912
"Melotte_25",4424,3393305093357807744,0,0.43761565,75.01412056,15.91466237,75.0141205616,15.91466237121
"Melotte_25",4424,3394444084324433792,0,0.33683933,79.42341395,17.4523584,79.42341394619,17.45235840486
"Melotte_25",4424,3394451643467831296,0,0.26080933,80.23416824,17.14572153,80.23416823876,17.14572152559
"Melotte_25",4424,3395264423077925632,0,0.32434088,78.7142004,17.78702506,78.71420039992,17.78702505642
"Melotte_25",4424,3395542393361639424,0,0.39997798,78.10043798,18.40227849,78.10043798011,18.40227848561
"Melotte_25",4424,3396115651237421312,0,0.26746254,83.73460555,16.0214346,83.73460555033,16.02143459709
"Melotte_25",4424,3397606004890207232,0,0.2449706,85.50407147,18.2841067,85.50407147378,18.28410670287
"Melotte_25",4424,3402090466142958464,0,0.25384682,82.55383362,20.64674653,82.55383361838,20.64674653059
"Melotte_25",4424,3402351561497574016,0,0.24938562,81.36275515,21.06864408,81.36275514795,21.06864408352
"Melotte_25",4424,3404798597640071296,1,0.62080335,72.76054146,14.97119443,72.76054145781,14.97119442842
"Melotte_25",4424,3404812685132622592,1,0.6460377,72.64131132,15.08334362,72.64131131575,15.08334362059
"Melotte_25",4424,3404850790083594368,0,0.41294561,72.84703238,15.43338388,72.84703237708,15.43338388134
"Melotte_25",4424,3405082374719674240,1,0.59116037,72.24869984,15.60473605,72.24869984103,15.60473604738
"Melotte_25",4424,3405096702731624320,0,0.36959134,71.77707433,15.72818957,71.7770743312,15.72818957222
"Melotte_25",4424,3405113740864365440,1,0.74235289,72.38425479,15.88862962,72.38425479124,15.88862962026
"Melotte_25",4424,3405127244241184256,0,0.43346399,72.21566293,15.94744815,72.21566292898,15.94744814804
"Melotte_25",4424,3405220088550711808,1,0.71064576,72.7026499,16.21033423,72.70264989907,16.21033423118
"Melotte_25",4424,3405297324946333440,0,0.36336324,74.79342199,16.07151211,74.79342198611,16.07151210537
"Melotte_25",4424,3405394739101039232,0,0.38223844,74.4437871,16.47222273,74.44378710379,16.47222273108
"Melotte_25",4424,3405483902622219264,0,0.35777699,75.31409577,16.98247243,75.31409577111,16.98247242847
"Melotte_25",4424,3405909374965722368,1,0.74235289,72.12806732,16.38839949,72.12806732414,16.38839949354
"Melotte_25",4424,3405988677241799040,1,0.74235289,72.50336214,16.41194042,72.50336213923,16.41194042331
"Melotte_25",4424,3406089252492594816,0,0.43316093,72.00406947,17.05585818,72.00406947321,17.05585818231
"Melotte_25",4424,3406094750050845696,1,0.73497773,72.4027943,17.03294024,72.40279430045,17.03294024044
"Melotte_25",4424,3406103958460672768,1,0.50580245,72.60016001,17.20250921,72.60016001356,17.20250921309
"Melotte_25",4424,3406216383523959936,0,0.33634534,70.81584858,17.06898209,70.81584857549,17.06898208857
"Melotte_25",4424,3406352826045301632,1,0.73579116,71.61354567,17.62647124,71.61354566514,17.62647123685
"Melotte_25",4424,3406380176397987200,1,0.64284625,71.7064834,17.74819003,71.70648340478,17.74819003119
"Melotte_25",4424,3406431406767566464,0,0.44992221,72.95529042,17.27359906,72.95529042056,17.27359906384
"Melotte_25",4424,3406697179343851136,0,0.4915567,72.29652027,17.71532183,72.29652027265,17.71532182604
"Melotte_25",4424,3406786445943961088,1,0.54830527,71.90695784,18.25857777,71.90695784113,18.25857777477
"Melotte_25",4424,3406823245223942528,1,0.74235289,72.26509216,18.64107354,72.26509216185,18.6410735446
"Melotte_25",4424,3406917219108423808,0,0.28777804,72.84398462,18.83969833,72.84398461827,18.83969832721
"Melotte_25",4424,3406943091991364608,1,0.66899739,73.09841989,18.99675086,73.09841989087,18.99675085915
"Melotte_25",4424,3406980028710351744,0,0.39472985,75.92910659,17.15362995,75.92910658772,17.15362994839
"Melotte_25",4424,3407092659932404608,0,0.28537545,76.0864651,17.90080874,76.08646510346,17.90080873734
"Melotte_25",4424,3407121831350730112,0,0.41961017,76.57525591,17.8162775,76.57525590625,17.81627750278
"Melotte_25",4424,3407397293373167360,0,0.28571534,75.9242846,18.3220281,75.92428459658,18.32202810027
"Melotte_25",4424,3407504736274550784,0,0.30973946,76.02610189,19.00713721,76.02610188628,19.00713721311
"Melotte_25",4424,3407518510233429248,1,0.51753343,75.77987702,19.01782676,75.779877021,19.01782676418
"Melotte_25",4424,3407612488414335616,0,0.3826313,76.89728522,18.69261483,76.89728521752,18.69261482559
"Melotte_25",4424,3407959826713625984,0,0.39311802,77.3160652,19.57237463,77.31606520183,19.57237463498
"Melotte_25",4424,3408317000489415296,1,0.51116486,74.86536715,19.34358806,74.86536714654,19.34358806358
"Melotte_25",4424,3408463510414294784,0,0.42036517,73.74346912,19.48525811,73.74346911567,19.48525810938
"Melotte_25",4424,3408504261063819520,1,0.68857066,73.68421275,19.68071902,73.6842127498,19.68071901991
"Melotte_25",4424,3409290995993067648,1,0.58232168,70.57882633,17.6938331,70.5788263269,17.69383309859
"Melotte_25",4424,3409379060002199168,1,0.50113976,71.11855347,17.85297243,71.11855346996,17.85297243177
"Melotte_25",4424,3409480318150949248,1,0.6174447,71.18277401,18.40807921,71.1827740078,18.40807921338
"Melotte_25",4424,3409550652537334656,1,0.52054737,70.11832866,18.08759887,70.11832866169,18.08759887256
"Melotte_25",4424,3409827214070099840,1,0.74235289,72.14622782,18.7289028,72.14622781644,18.72890279706
"Melotte_25",4424,3409855590918757760,1,0.54181869,71.98697487,19.02455026,71.98697486919,19.02455026032
"Melotte_25",4424,3409855590918086400,1,0.50906979,71.98634796,19.02375674,71.98634796078,19.0237567364
"Melotte_25",4424,3409867964719693824,1,0.59816864,71.56394866,18.7746274,71.56394865821,18.77462739737
"Melotte_25",4424,3410154456217987584,1,0.67358985,70.7126445,19.48700692,70.71264449605,19.4870069171
"Melotte_25",4424,3410390468964390400,1,0.60133419,69.16277555,18.61557988,69.16277554837,18.61557988255
"Melotte_25",4424,3410409886514680064,0,0.48068166,69.01782418,18.88842325,69.01782417868,18.88842325371
"Melotte_25",4424,3410439745127430016,1,0.64080805,68.42892746,18.76625455,68.4289274611,18.76625454993
"Melotte_25",4424,3410453489023420416,1,0.88340913,68.42516726,19.01388395,68.42516726156,19.01388394635
"Melotte_25",4424,3410466133403330944,0,0.4335028,69.12875678,19.09069908,69.1287567775,19.0906990822
"Melotte_25",4424,3410505784542875008,1,0.67465962,69.72843914,19.18206487,69.72843914207,19.18206486939
"Melotte_25",4424,3410529355323453312,1,0.70247364,70.05342325,19.28591819,70.05342325459,19.28591818953
"Melotte_25",4424,3410559832411244160,0,0.31827526,69.96546165,19.65938985,69.96546164739,19.65938984614
"Melotte_25",4424,3410639993682264960,1,0.74622236,68.15820466,19.04652558,68.15820465974,19.04652558182
"Melotte_25",4424,3410640887035452928,1,0.66987349,68.17103557,19.11333235,68.17103556841,19.11333234776
"Melotte_25",4424,3410787568757738752,1,0.6747243,68.96717356,19.79569415,68.96717356168,19.79569415441
"Melotte_25",4424,3411031385460853248,1,0.67397526,70.62667614,20.45300679,70.62667614102,20.45300678556
"Melotte_25",4424,3411128795318922496,1,0.62697935,70.74408081,20.60466327,70.74408080977,20.60466327391
"Melotte_25",4424,3411274308810562688,1,0.53735302,69.27193384,20.718012,69.27193383619,20.71801200456
"Melotte_25",4424,3411434528270795648,0,0.47875297,69.9832839,21.49422141,69.98328390096,21.49422140528
"Melotte_25",4424,3411752630729251456,0,0.38893201,73.94480329,21.24715559,73.94480329233,21.24715558958
"Melotte_25",4424,3411811317161811328,1,0.62697935,72.56988193,20.62562709,72.56988193029,20.62562709067
"Melotte_25",4424,3411887595780736128,1,0.51620511,72.17598571,21.10079745,72.17598570547,21.10079745391
"Melotte_25",4424,3412131068887787776,1,0.60908951,74.0699161,21.36702415,74.06991609842,21.36702415272
"Melotte_25",4424,3412605297699792512,1,0.50498983,71.78769231,20.88209022,71.78769230976,20.88209022347
"Melotte_25",4424,3412770125660814080,0,0.47557755,72.39972211,21.76071729,72.3997221051,21.76071729295
"Melotte_25",4424,3413146914553161728,1,0.60929981,71.85949802,23.05073896,71.85949802416,23.05073895966
"Melotte_25",4424,3413223227530503168,0,0.35039125,73.19853256,22.64707023,73.19853255933,22.64707023102
"Melotte_25",4424,3413553458975960064,0,0.25161467,72.45034668,23.39554128,72.45034668244,23.39554128387
"Melotte_25",4424,3414082525931242368,0,0.24973316,77.69824898,20.56905915,77.6982489809,20.56905915341
"Melotte_25",4424,3414200139316713600,0,0.31532075,79.22398775,21.39445462,79.22398774901,21.39445461741
"Melotte_25",4424,3415184653196381184,0,0.31500958,77.05582596,21.99007959,77.05582595624,21.99007958741
"Melotte_25",4424,3419656057748048512,0,0.37097169,73.95478503,24.36248471,73.95478503339,24.36248470813
"Melotte_25",4424,3421358720223679360,0,0.25161467,79.56412859,27.14093677,79.56412859122,27.14093676778
"Melotte_25",4424,3448045344901080448,0,0.2415674,84.67387877,32.47479196,84.67387877487,32.4747919591
"Melotte_25",4424,3448046062158813696,0,0.24048106,84.65717026,32.47255904,84.65717025585,32.47255903564
"Melotte_25",4424,3448449587222586880,0,0.2388124,84.87581895,32.96225329,84.87581894749,32.96225329262
